GEOID,BoroCode,BoroName,CountyFIPS,NTA2020,NTAName,NTAAbbrev,NTAType,CDTA2020,CDTAName,Shape_Leng,Shape_Area,area_sqmi,centroid_x,centroid_y,perimeter_mi
BK0101,3,Brooklyn,047,BK0101,Greenpoint,Grnpt,0,BK01,BK01 Williamsburg-Greenpoint (CD 1 Equivalent),28919.5611508,35321808.3909,1.2669931995217896,998241.957524981,205056.93768218008,5.477181746071754
BK0102,3,Brooklyn,047,BK0102,Williamsburg,Wllmsbrg,0,BK01,BK01 Williamsburg-Greenpoint (CD 1 Equivalent),28134.0826611,28852852.9133,1.034951783094348,995721.0139148966,199741.71733843462,5.328385405695388
BK0103,3,Brooklyn,047,BK0103,South Williamsburg,SWllmsbrg,0,BK01,BK01 Williamsburg-Greenpoint (CD 1 Equivalent),18250.2800908,15208960.645,0.5455463959542067,996267.1180973252,195489.48599815957,3.4564924414454157
BK0104,3,Brooklyn,047,BK0104,East Williamsburg,EWllmsbrg,0,BK01,BK01 Williamsburg-Greenpoint (CD 1 Equivalent),43184.8003755,52267406.735,1.8748375771932893,1001857.171017787,199157.09186805983,8.178931539156736
BK0201,3,Brooklyn,047,BK0201,Brooklyn Heights,BkHts,0,BK02,BK02 Downtown Brooklyn-Fort Greene (CD 2 Approximation),14312.1922849,9982022.78755,0.35805813207169385,985683.5937838594,192653.28077570393,2.710638193979208
BK0202,3,Brooklyn,047,BK0202,Downtown Brooklyn-DUMBO-Boerum Hill,DwntwnBk,0,BK02,BK02 Downtown Brooklyn-Fort Greene (CD 2 Approximation),30589.2394455,23731596.5804,0.8512495738047903,988179.2610917119,192447.37522437138,5.7933831832103095
BK0203,3,Brooklyn,047,BK0203,Fort Greene,FtGrn,0,BK02,BK02 Downtown Brooklyn-Fort Greene (CD 2 Approximation),23284.5901371,17533714.2697,0.6289345190020013,991360.0353012003,191089.05023410582,4.409957513330523
BK0204,3,Brooklyn,047,BK0204,Clinton Hill,ClntnHl,0,BK02,BK02 Downtown Brooklyn-Fort Greene (CD 2 Approximation),18102.9682007,14566585.1028,0.5225052828684624,994105.5699088393,190299.12712309827,3.4285897223370476
BK0261,3,Brooklyn,047,BK0261,Brooklyn Navy Yard,BkNvyYrd,6,BK02,BK02 Downtown Brooklyn-Fort Greene (CD 2 Approximation),39415.6419363,10106806.1491,0.3625342140235437,992107.5872112804,194766.9505381871,7.465032949956335
BK0301,3,Brooklyn,047,BK0301,Bedford-Stuyvesant (West),BdSty_W,0,BK03,BK03 Bedford-Stuyvesant (CD 3 Approximation),26307.6457389,36906698.4287,1.323844203371557,997838.5447596451,190285.66169425854,4.982508377630444
BK0302,3,Brooklyn,047,BK0302,Bedford-Stuyvesant (East),BdSty_E,0,BK03,BK03 Bedford-Stuyvesant (CD 3 Approximation),29753.9705547,41289700.8748,1.4810642244463927,1003166.6232566065,189438.37342198554,5.635221695971211
BK0401,3,Brooklyn,047,BK0401,Bushwick (West),Bshwck_W,0,BK04,BK04 Bushwick (CD 4 Equivalent),23685.2333004,23134298.6648,0.8298287801595411,1004970.6491565933,194677.07489496502,4.485839640230106
BK0402,3,Brooklyn,047,BK0402,Bushwick (East),Bshwck_E,0,BK04,BK04 Bushwick (CD 4 Equivalent),27120.6703657,27933892.8281,1.0019933815659505,1008386.1213743865,191127.5268608829,5.136486606133975
BK0471,3,Brooklyn,047,BK0471,The Evergreens Cemetery,EvrgrnsCem,7,BK04,BK04 Bushwick (CD 4 Equivalent),10950.2093719,5585573.37969,0.20034975340676645,1011631.2332923274,188632.61005124403,2.0738917387255174
BK0501,3,Brooklyn,047,BK0501,Cypress Hills,CyprssHls,0,BK05,BK05 East New York-Cypress Hills (CD 5 Approximation),31089.6609837,24378887.5432,0.8744745357332933,1016960.9337953147,187964.25779879608,5.888185810144153
BK0502,3,Brooklyn,047,BK0502,East New York (North),ENY_N,0,BK05,BK05 East New York-Cypress Hills (CD 5 Approximation),25634.3707218,27906985.4164,1.0010253607221744,1014906.6452216556,184300.0866153641,4.854994454883418
BK0503,3,Brooklyn,047,BK0503,East New York-New Lots,ENY_NwLts,0,BK05,BK05 East New York-Cypress Hills (CD 5 Approximation),36564.9249151,46457563.5917,1.6664332517047011,1015311.4868275732,179652.8631000251,6.925168751610836
BK0504,3,Brooklyn,047,BK0504,Spring Creek-Starrett City,SpCrk_StrC,0,BK05,BK05 East New York-Cypress Hills (CD 5 Approximation),33027.6834429,27086261.7772,0.9715892028605693,1018549.2829749007,176479.90413374678,6.236638492954568
BK0505,3,Brooklyn,047,BK0505,East New York-City Line,ENY_CtyLn,0,BK05,BK05 East New York-Cypress Hills (CD 5 Approximation),29722.6976164,31529168.2961,1.1309509666423636,1021394.9084206853,183600.6243778327,5.629208754182107
BK0571,3,Brooklyn,047,BK0571,Highland Park-Cypress Hills Cemeteries (South),CyHlsCem_S,7,BK05,BK05 East New York-Cypress Hills (CD 5 Approximation),15889.6701392,8100960.68499,0.29058198049339357,1018166.0614207392,190501.71353907645,3.009407223330646
BK0601,3,Brooklyn,047,BK0601,Carroll Gardens-Cobble Hill-Gowanus-Red Hook,CrrllGrdns,0,BK06,BK06 Park Slope-Carroll Gardens (CD 6 Approximation),67164.9126388,60811448.5707,2.181312539896622,984231.8387492173,186334.52274402583,12.72046879238957
BK0602,3,Brooklyn,047,BK0602,Park Slope,PkSlp,0,BK06,BK06 Park Slope-Carroll Gardens (CD 6 Approximation),23539.0892526,25831729.1475,0.9265829661962223,989864.5983430588,184043.25733005494,4.458118765144907
BK0701,3,Brooklyn,047,BK0701,Windsor Terrace-South Slope,WndsrTr,0,BK07,BK07 Sunset Park-Windsor Terrace (CD 7 Approximation),21233.3223789,15312193.036,0.549251711677876,989792.4717553105,178291.6551414699,4.021423443494352
BK0702,3,Brooklyn,047,BK0702,Sunset Park (West),SnstPk_W,0,BK07,BK07 Sunset Park-Windsor Terrace (CD 7 Approximation),79869.4683041,50378927.3348,1.807091782455398,981443.2126350693,177353.44435787364,15.126782448401736
BK0703,3,Brooklyn,047,BK0703,Sunset Park (Central),SnstPk_C,0,BK07,BK07 Sunset Park-Windsor Terrace (CD 7 Approximation),24014.323113,18754283.7973,0.6727173653188638,982063.0924475244,173316.32413855853,4.548167256244554
BK0771,3,Brooklyn,047,BK0771,Green-Wood Cemetery,GrnWdCem,7,BK07,BK07 Sunset Park-Windsor Terrace (CD 7 Approximation),18789.0222744,21101598.773,0.7569157043798821,986959.0563384576,176867.71321258345,3.558526945916508
BK0801,3,Brooklyn,047,BK0801,Prospect Heights,PrspctHts,0,BK08,BK08 Crown Heights (North) (CD 8 Approximation),15043.8346947,10308676.2395,0.36978135940399276,993244.6478895684,186147.66162062244,2.8491869714178515
BK0802,3,Brooklyn,047,BK0802,Crown Heights (North),CrwnHts_N,0,BK08,BK08 Crown Heights (North) (CD 8 Approximation),30149.1121113,35416299.8335,1.2703863931527095,1000367.4302408103,184788.69529592487,5.710058826946402
BK0891,3,Brooklyn,047,BK0891,Lincoln Terrace Park,LclnTrPk,9,BK08,BK08 Crown Heights (North) (CD 8 Approximation),4568.61664414,1214617.22973,0.043568398104911234,1004552.654268806,182240.3122534909,0.8652683038152954
BK0901,3,Brooklyn,047,BK0901,Crown Heights (South),CrwnHts_S,0,BK09,BK09 Crown Heights (South) (CD 9 Approximation),24197.4189712,20053831.0622,0.7193322092442845,999227.9489494038,182194.67489778448,4.5828445021226045
BK0902,3,Brooklyn,047,BK0902,Prospect Lefferts Gardens-Wingate,PLG_Wngt,0,BK09,BK09 Crown Heights (South) (CD 9 Approximation),26322.4776125,24038728.8103,0.8622693671916267,998687.8853506715,179648.12422163264,4.985305386366666
BK1001,3,Brooklyn,047,BK1001,Bay Ridge,ByRdg,0,BK10,BK10 Bay Ridge-Dyker Heights (CD 10 Approximation),41302.1423703,61636114.8976,2.2108840143905826,975942.5831606127,167590.93833801834,7.8223180768830005
BK1002,3,Brooklyn,047,BK1002,Dyker Heights,DykrHts,0,BK10,BK10 Bay Ridge-Dyker Heights (CD 10 Approximation),25001.4900026,29119072.6473,1.044503007607961,981239.4225988053,166603.1233908749,4.735130682301381
BK1061,3,Brooklyn,047,BK1061,Fort Hamilton,FtHmltn,6,BK10,BK10 Bay Ridge-Dyker Heights (CD 10 Approximation),16460.9559644,8464626.25915,0.30363075205037043,976545.1104178434,160844.3062353025,3.1175646084678537
BK1091,3,Brooklyn,047,BK1091,Dyker Beach Park,DykrBchPk,9,BK10,BK10 Bay Ridge-Dyker Heights (CD 10 Approximation),14627.5083245,9989043.32861,0.35830762628455715,978993.2020874039,161935.93885845717,2.7703614251013606
BK1101,3,Brooklyn,047,BK1101,Bensonhurst,Bnsnhrst,0,BK11,BK11 Bensonhurst-Bath Beach (CD 11 Approximation),33669.6207624,48634930.7934,1.7445380937726918,986119.8484649014,162705.31439304465,6.376822114099648
BK1102,3,Brooklyn,047,BK1102,Bath Beach,BthBch,0,BK11,BK11 Bensonhurst-Bath Beach (CD 11 Approximation),22422.3733635,20556457.4395,0.7373758512663836,982172.2975709998,159424.746582631,4.24665160920126
BK1103,3,Brooklyn,047,BK1103,Gravesend (West),Grvsnd_W,0,BK11,BK11 Bensonhurst-Bath Beach (CD 11 Approximation),32872.7222703,33835200.265,1.2136680014877113,988211.791447734,157615.1153102408,6.2160548820919415
BK1201,3,Brooklyn,047,BK1201,Sunset Park (East)-Borough Park (West),SnstPk_E,0,BK12,BK12 Borough Park-Kensington (CD 12 Approximation),15982.4798253,11749149.0802,0.4214427327330243,984419.874947825,172746.8800964641,3.026984815402141
BK1202,3,Brooklyn,047,BK1202,Borough Park,BoroPk,0,BK12,BK12 Borough Park-Kensington (CD 12 Approximation),28481.0788717,40481286.8862,1.4520663627124646,987151.8863282055,169872.02851811046,5.3941437256940805
BK1203,3,Brooklyn,047,BK1203,Kensington,Knsngtn,0,BK12,BK12 Borough Park-Kensington (CD 12 Approximation),20316.7350369,17471228.6391,0.6266940943202542,990896.3306094966,172860.28108145107,3.8478664842683417
BK1204,3,Brooklyn,047,BK1204,Mapleton-Midwood (West),Mpltn,0,BK12,BK12 Borough Park-Kensington (CD 12 Approximation),27783.87638,31356436.4823,1.1247573921866751,991657.30679587,164911.8924316369,5.262097799243124
BK1301,3,Brooklyn,047,BK1301,Gravesend (South),Grvsnd_S,0,BK13,BK13 Coney Island-Brighton Beach (CD 13 Approximation),36857.7904022,25835766.7382,0.926730613600771,990371.5780730512,153493.5501449379,6.980642121627285
BK1302,3,Brooklyn,047,BK1302,Coney Island-Sea Gate,CnyIsl,0,BK13,BK13 Coney Island-Brighton Beach (CD 13 Approximation),49219.5235304,47588745.3494,1.7070230268959132,987592.9404240698,149480.87133941197,9.321741503414563
BK1303,3,Brooklyn,047,BK1303,Brighton Beach,BrghtnBch,0,BK13,BK13 Coney Island-Brighton Beach (CD 13 Approximation),16805.8968766,13564293.2798,0.48654808451085374,995168.6011112867,150251.7178232981,3.1829320931849923
BK1391,3,Brooklyn,047,BK1391,Calvert Vaux Park,ClvrtVxPk,9,BK13,BK13 Coney Island-Brighton Beach (CD 13 Approximation),11506.2399653,4222371.48907,0.15145319504500335,985892.5805184193,152172.1367151297,2.136373823139223
BK1401,3,Brooklyn,047,BK1401,Flatbush,Fltbsh,0,BK14,BK14 Flatbush-Midwood (CD 14 Approximation),33235.6144971,24024171.3721,0.8617485713700096,996353.4301625133,172691.325632656,6.294623957792003
BK1402,3,Brooklyn,047,BK1402,Flatbush (West)-Ditmas Park-Parkville,Fltbsh_W,0,BK14,BK14 Flatbush-Midwood (CD 14 Approximation),31252.1642991,22904661.2368,0.82159167085635,993633.8214551358,171181.86536317383,5.918970511191114
BK1403,3,Brooklyn,047,BK1403,Midwood,Mdwd,0,BK14,BK14 Flatbush-Midwood (CD 14 Approximation),25034.8510394,32218509.9607,1.1556800232677031,996577.9393441797,165296.67250351314,4.74144906049174
BK1501,3,Brooklyn,047,BK1501,Gravesend (East)-Homecrest,Grvsnd_E,0,BK15,BK15 Sheepshead Bay-Gravesend (East) (CD 15 Approximation),31842.3450984,34879887.1254,1.251143793237394,993728.1363731198,157539.8944742414,6.030747177731469
BK1502,3,Brooklyn,047,BK1502,Madison,Mdsn,0,BK15,BK15 Sheepshead Bay-Gravesend (East) (CD 15 Approximation),26237.257237,27379162.64,0.9820923238069974,998651.5089200212,159666.94570344285,4.969177507012856
BK1503,3,Brooklyn,047,BK1503,Sheepshead Bay-Manhattan Beach-Gerritsen Beach,ShpshdBy,0,BK15,BK15 Sheepshead Bay-Gravesend (East) (CD 15 Approximation),91362.5383294,63370464.1953,2.273106149336826,1000496.8597613546,153614.7488442971,17.287721998433227
BK1601,3,Brooklyn,047,BK1601,Ocean Hill,OcnHl,0,BK16,BK16 Ocean Hill-Brownsville (CD 16 Approximation),22493.7143049,20089686.0914,0.7206183314480319,1008202.2685918894,185805.42680746946,4.260173163804567
BK1602,3,Brooklyn,047,BK1602,Brownsville,Brwnsvl,0,BK16,BK16 Ocean Hill-Brownsville (CD 16 Approximation),25719.2933705,30786049.1979,1.104295105780464,1009351.2792138858,181219.47679171767,4.87107154874916
BK1701,3,Brooklyn,047,BK1701,East Flatbush-Erasmus,EFb_Ersms,0,BK17,BK17 East Flatbush (CD 17 Approximation),21908.3882089,19770955.5295,0.7091854457046874,998086.3156102798,175564.94695360237,4.149315948650776
BK1702,3,Brooklyn,047,BK1702,East Flatbush-Farragut,EFb_Frrgt,0,BK17,BK17 East Flatbush (CD 17 Approximation),23276.2088229,24121899.0489,0.8652540694175965,1001557.8557230441,172140.74682956305,4.40837288312769
BK1703,3,Brooklyn,047,BK1703,East Flatbush-Rugby,EFb_Rgby,0,BK17,BK17 East Flatbush (CD 17 Approximation),31994.4946123,27205193.6798,0.9758520460220658,1003742.4113526108,176660.23762598514,6.05956337354002
BK1704,3,Brooklyn,047,BK1704,East Flatbush-Remsen Village,EFb_RmsnVl,0,BK17,BK17 East Flatbush (CD 17 Approximation),22056.7575308,18390696.4482,0.6596762276202448,1006677.6123693545,178363.88993517388,4.1774129126387445
BK1771,3,Brooklyn,047,BK1771,Holy Cross Cemetery,HlyCrssCem,7,BK17,BK17 East Flatbush (CD 17 Approximation),9226.10042944,4276575.35238,0.15340103278459757,1001384.8571990307,174994.91225875774,1.7473675055761104
BK1801,3,Brooklyn,047,BK1801,Flatlands,Fltlnds,0,BK18,BK18 Canarsie-Flatlands (CD 18 Approximation),40597.2778136,54337180.5919,1.9490781605808982,1003654.1049485884,167452.83384306877,7.688878373780171
BK1802,3,Brooklyn,047,BK1802,Marine Park-Mill Basin-Bergen Beach,MrnPk_MBsn,0,BK18,BK18 Canarsie-Flatlands (CD 18 Approximation),76294.7299278,58871247.5317,2.1117218509448303,1006866.8591435379,163339.07776400633,14.449563360045767
BK1803,3,Brooklyn,047,BK1803,Canarsie,Cnrsie,0,BK18,BK18 Canarsie-Flatlands (CD 18 Approximation),43865.676115,70533384.6392,2.5300413221180786,1011597.6711267898,172225.25490149538,8.020059712317561
BK1891,3,Brooklyn,047,BK1891,Marine Park-Plumb Island,MrnPk_PIsl,9,BK18,BK18 Canarsie-Flatlands (CD 18 Approximation),95715.5508412,43509119.9163,1.5606919540625142,1007510.8454990855,155714.73352881474,18.126277683177108
BK1892,3,Brooklyn,047,BK1892,McGuire Fields,McGrFlds,9,BK18,BK18 Canarsie-Flatlands (CD 18 Approximation),24718.5816775,10589588.0494,0.3798492040234612,1012859.0698309125,162399.83916448348,4.681549560129224
BK1893,3,Brooklyn,047,BK1893,Canarsie Park & Pier,CnrsiePk,9,BK18,BK18 Canarsie-Flatlands (CD 18 Approximation),24203.9926485,11552048.4892,0.41437446871140643,1014974.8309698316,168833.75117760984,4.584076422501553
BK5591,3,Brooklyn,047,BK5591,Prospect Park,PrspctPk,9,BK55,BK55 Prospect Park (JIA 55 Approximation),24199.6253408,27328147.6471,0.9802557684572962,992872.6426096876,180317.18043750405,4.583175110243495
BK5691,3,Brooklyn,047,BK5691,Barren Island-Floyd Bennett Field,BrrnIsl,9,BK56,BK56 Jamaica Bay (West) (JIA 56 Approximation),44394.1592881,54676003.1164,1.9612500198598872,1014285.9847512203,155410.55838410684,8.407690891856012
BK5692,3,Brooklyn,047,BK5692,Jamaica Bay (West),JmcaBy_W,9,BK56,BK56 Jamaica Bay (West) (JIA 56 Approximation),136901.84044,39754277.4086,1.425944403345687,1023257.1254519197,161634.18282500195,25.927697445086817
BK5693,3,Brooklyn,047,BK5693,Shirley Chisholm State Park,ShChshlmPk,9,BK56,BK56 Jamaica Bay (West) (JIA 56 Approximation),26521.9177648,18284901.3886,0.6558732090212828,1021230.3478615109,174413.84660001157,5.0230261199212665
BX0101,2,Bronx,005,BX0101,Mott Haven-Port Morris,MttHvn,0,BX01,BX01 Melrose-Mott Haven-Port Morris (CD 1 Approximation),29217.4141239,40974743.8,1.4697666929951747,1007160.0214863823,233490.86217323336,5.533601061192343
BX0102,2,Bronx,005,BX0102,Melrose,Mlrs,0,BX01,BX01 Melrose-Mott Haven-Port Morris (CD 1 Approximation),19589.1961548,17271763.9172,0.6195392819260724,1008372.1419984598,237403.19146199382,3.7100750293221987
BX0201,2,Bronx,005,BX0201,Hunts Point,HntsPt,0,BX02,BX02 Longwood-Hunts Point (CD 2 Approximation),37438.1262456,45027064.99,1.6151230891291997,1016090.6349216161,234716.2551320103,7.090541391532068
BX0202,2,Bronx,005,BX0202,Longwood,Lngwd,0,BX02,BX02 Longwood-Hunts Point (CD 2 Approximation),21730.0007468,15396708.7956,0.552279039542196,1012879.8878004168,238394.79918547755,4.115526626461172
BX0291,2,Bronx,005,BX0291,North & South Brother Islands,BrthrIsls,9,BX02,BX02 Longwood-Hunts Point (CD 2 Approximation),7178.42290043,930649.159021,0.03338244439539661,1012388.0095647896,230600.5502829845,1.3038925428546493
BX0301,2,Bronx,005,BX0301,Morrisania,Mrrsnia,0,BX03,BX03 Morrisania-Crotona Park East (CD 3 Approximation),21889.2140046,13811283.4895,0.495411626546614,1010612.7544181484,240697.27365956243,4.145684470560012
BX0302,2,Bronx,005,BX0302,Claremont Village-Claremont (East),ClrmntVlg,0,BX03,BX03 Morrisania-Crotona Park East (CD 3 Approximation),16428.0643992,9998253.02014,0.3586410593316211,1010942.5165765876,244443.70446590005,3.1113552816454813
BX0303,2,Bronx,005,BX0303,Crotona Park East,CrtnaPkEst,0,BX03,BX03 Morrisania-Crotona Park East (CD 3 Approximation),20755.0573084,15978694.5511,0.5731591133856903,1015050.911709116,242467.3798962351,3.9308574934305334
BX0391,2,Bronx,005,BX0391,Crotona Park,CrtnaPk,9,BX03,BX03 Morrisania-Crotona Park East (CD 3 Approximation),11725.2460281,6339739.13543,0.2274068503009957,1013307.6282121817,244800.93353448264,2.2206905356249265
BX0401,2,Bronx,005,BX0401,Concourse-Concourse Village,Cncrs,0,BX04,BX04 Highbridge-Concourse (CD 4 Approximation),29504.1863169,26502982.4996,0.9506635876613982,1005912.9231832409,240493.29628287797,5.5879044462401435
BX0402,2,Bronx,005,BX0402,Highbridge,Hghbrdg,0,BX04,BX04 Highbridge-Concourse (CD 4 Approximation),15723.4262679,13048058.8446,0.4680361239242081,1004238.8415794512,244175.2652719413,2.9779168972727694
BX0403,2,Bronx,005,BX0403,Mount Eden-Claremont (West),MtEdn,0,BX04,BX04 Highbridge-Concourse (CD 4 Approximation),21598.9595544,13607412.085,0.4881000173178768,1007927.4019677511,245498.38090594724,4.090676292046735
BX0491,2,Bronx,005,BX0491,Yankee Stadium-Macombs Dam Park,YnkStdm,9,BX04,BX04 Highbridge-Concourse (CD 4 Approximation),9678.13206105,2811049.78433,0.10083263772876075,1004620.7564684892,241670.87546180046,1.8329699755316562
BX0492,2,Bronx,005,BX0492,Claremont Park,ClrmntPk,9,BX04,BX04 Highbridge-Concourse (CD 4 Approximation),6257.33921463,1862238.71796,0.06679427053967969,1009843.2971963632,245482.54163014668,1.1850772420925808
BX0501,2,Bronx,005,BX0501,University Heights (South)-Morris Heights,UnvrsHts_S,0,BX05,BX05 Morris Heights-Mount Hope (CD 5 Approximation),21833.8722635,19642617.6255,0.7045794914035345,1007454.0787379834,249641.55567211693,4.135200308279381
BX0502,2,Bronx,005,BX0502,Mount Hope,MtHp,0,BX05,BX05 Morris Heights-Mount Hope (CD 5 Approximation),16278.235568,12681766.1117,0.4548957656004037,1010693.7468240142,248920.6916351046,3.082999160599794
BX0503,2,Bronx,005,BX0503,Fordham Heights,FrdhmHts,0,BX05,BX05 Morris Heights-Mount Hope (CD 5 Approximation),12917.280386,7379039.80986,0.26468663229810757,1012153.2120567623,252153.2614616454,2.446454618570065
BX0601,2,Bronx,005,BX0601,West Farms,WstFrms,0,BX06,BX06 Tremont-Belmont-West Farms (CD 6 Approximation),21993.6266611,11701248.8273,0.41972449098411024,1017832.7522383892,245794.15965512337,4.165306365769111
BX0602,2,Bronx,005,BX0602,Tremont,Trmnt,0,BX06,BX06 Tremont-Belmont-West Farms (CD 6 Approximation),18324.1067374,15829215.1566,0.5677972692783633,1014197.8807872217,247852.77767107752,3.4704707074460264
BX0603,2,Bronx,005,BX0603,Belmont,Blmnt,0,BX06,BX06 Tremont-Belmont-West Farms (CD 6 Approximation),19746.6538537,16393957.3933,0.5880523054884872,1015494.085692827,251747.01912104708,3.7398965632088577
BX0701,2,Bronx,005,BX0701,University Heights (North)-Fordham,UnvrsHts_N,0,BX07,BX07 Fordham-Bedford Park-Norwood (CD 7 Approximation),27360.6204704,18313195.4893,0.6569019791223416,1010595.83142437,254279.12048790744,5.181906367140677
BX0702,2,Bronx,005,BX0702,Bedford Park,BdfrdPk,0,BX07,BX07 Fordham-Bedford Park-Norwood (CD 7 Approximation),20847.6055206,24553606.552,0.880742467407983,1014452.8276041425,257559.02337003467,3.948391924454122
BX0703,2,Bronx,005,BX0703,Norwood,Nrwd,0,BX07,BX07 Fordham-Bedford Park-Norwood (CD 7 Approximation),22139.0109332,15721129.2963,0.5639179183989251,1017706.5550973434,258866.90310095073,4.1929944949293105
BX0801,2,Bronx,005,BX0801,Kingsbridge Heights-Van Cortlandt Village,KngbrdgHts,0,BX08,BX08 Riverdale-Kingsbridge-Marble Hill (CD 8 Approximation),20471.1176868,10970195.2225,0.3934956874414045,1012157.9200210561,259056.32555213437,3.87708286044653
BX0802,2,Bronx,005,BX0802,Kingsbridge-Marble Hill,Kngbrdg,0,BX08,BX08 Riverdale-Kingsbridge-Marble Hill (CD 8 Approximation),19810.9594858,12312473.9348,0.4416529350391704,1010318.3406906927,260205.50970028993,3.7520257648169477
BX0803,2,Bronx,005,BX0803,Riverdale-Spuyten Duyvil,Rvrdl,0,BX08,BX08 Riverdale-Kingsbridge-Marble Hill (CD 8 Approximation),37646.588373,62983246.5253,2.259208623982523,1009467.5837161865,265624.72091745725,7.129902764411672
BX0901,2,Bronx,005,BX0901,Soundview-Bruckner-Bronx River,Sdvw_BxRvr,0,BX09,BX09 Soundview-Parkchester (CD 9 Approximation),26836.620138,32208010.9214,1.155302818048772,1019335.8343431539,241553.6494609476,5.082692094561303
BX0902,2,Bronx,005,BX0902,Soundview-Clason Point,Sdvw_ClsPt,0,BX09,BX09 Soundview-Parkchester (CD 9 Approximation),40475.074276,30323641.8918,1.0877110188795653,1023249.8897225505,236637.9019883368,7.665645972192712
BX0903,2,Bronx,005,BX0903,Castle Hill-Unionport,CstlHl,0,BX09,BX09 Soundview-Parkchester (CD 9 Approximation),42978.0972924,32897687.288,1.1800437745568377,1026126.6422516387,239712.52850045572,7.529601764982197
BX0904,2,Bronx,005,BX0904,Parkchester,Pkchstr,0,BX09,BX09 Soundview-Parkchester (CD 9 Approximation),12411.8210178,9184335.46215,0.32944270338868936,1023545.5905347151,244522.8016922441,2.350723677607979
BX0991,2,Bronx,005,BX0991,Soundview Park,SdvwPk,9,BX09,BX09 Soundview-Parkchester (CD 9 Approximation),18349.7752108,7794401.41787,0.2795856798766926,1019887.4722015982,236753.81281801878,3.4753362141590265
BX1001,2,Bronx,005,BX1001,Westchester Square,WstchstrSq,0,BX10,BX10 Co-op City-Throgs Neck (CD 10 Approximation),25927.2069896,15382175.4515,0.5517557186757968,1026879.7622567422,244506.3587532886,4.496770574756563
BX1002,2,Bronx,005,BX1002,Throgs Neck-Schuylerville,ThrgsNck,0,BX10,BX10 Co-op City-Throgs Neck (CD 10 Approximation),86866.7760205,66476699.1124,2.3845445172975204,1033900.0381403363,240089.73496483566,16.411810110619896
BX1003,2,Bronx,005,BX1003,Pelham Bay-Country Club-City Island,PlhmBy,0,BX10,BX10 Co-op City-Throgs Neck (CD 10 Approximation),121142.083612,35309835.2602,1.2665613134578206,1036392.6840255825,247405.513093443,22.94320171070791
BX1004,2,Bronx,005,BX1004,Co-op City,CoopCty,0,BX10,BX10 Co-op City-Throgs Neck (CD 10 Approximation),25102.6493986,29055692.7809,1.0422234702491608,1032296.6912281367,257132.2428068026,4.754284407686224
BX1071,2,Bronx,005,BX1071,Hart Island,HrtIsl,7,BX10,BX10 Co-op City-Throgs Neck (CD 10 Approximation),16969.5834675,4905129.17148,0.17594824605026843,1047813.1320068602,250435.6365987926,3.2138842230453153
BX1091,2,Bronx,005,BX1091,Ferry Point Park-St. Raymond Cemetery,FrryPtPk,9,BX10,BX10 Co-op City-Throgs Neck (CD 10 Approximation),26872.2155,21745194.1412,0.7800140119735989,1030590.0559810034,236839.06322676444,5.0893553319705305
BX1101,2,Bronx,005,BX1101,Pelham Parkway-Van Nest,PlhmPkwy,0,BX11,BX11 Pelham Parkway-Morris Park (CD 11 Approximation),22993.8198299,15588390.2281,0.5591551943943932,1021608.9849119933,248217.96021909706,4.354880168505966
BX1102,2,Bronx,005,BX1102,Morris Park,MrrsPk,0,BX11,BX11 Pelham Parkway-Morris Park (CD 11 Approximation),24671.3982904,27833108.6261,0.9983806414262351,1025280.6016317105,249643.19259480474,4.672607711603714
BX1103,2,Bronx,005,BX1103,Pelham Gardens,PlhmGrdns,0,BX11,BX11 Pelham Parkway-Morris Park (CD 11 Approximation),24342.8950429,30064180.7401,1.0784028735947178,1026654.5812668158,254183.08597682547,4.610391499254629
BX1104,2,Bronx,005,BX1104,Allerton,Allrtn,0,BX11,BX11 Pelham Parkway-Morris Park (CD 11 Approximation),17837.9372831,15753915.3935,0.5651001696093099,1021811.0400603901,254090.51234354952,3.378390134911722
BX1161,2,Bronx,005,BX1161,Hutchinson Metro Center,HtchMtrCtr,6,BX11,BX11 Pelham Parkway-Morris Park (CD 11 Approximation),20672.7080791,12181383.0297,0.4369466658800846,1028870.6858022038,248805.53824583325,3.9152671865141944
BX1201,2,Bronx,005,BX1201,Williamsbridge-Olinville,Wllmsbrdg,0,BX12,BX12 Wakefield-Williamsbridge-Eastchester (CD 12 Approximation),29370.8198317,36242286.2747,1.3000131382952411,1022763.5521488412,260286.45736488767,5.562655271157225
BX1202,2,Bronx,005,BX1202,Eastchester-Edenwald-Baychester,Estchstr,0,BX12,BX12 Wakefield-Williamsbridge-Eastchester (CD 12 Approximation),54240.3767882,56395939.5014,2.022925881168989,1029442.6278095552,260489.34145049905,10.272793780255457
BX1203,2,Bronx,005,BX1203,Wakefield-Woodlawn,Wkfld_Wdln,0,BX12,BX12 Wakefield-Williamsbridge-Eastchester (CD 12 Approximation),39101.7261167,39646811.0794,1.4221339029453588,1024622.0557242988,266467.5818273099,7.4055970875068855
BX1271,2,Bronx,005,BX1271,Woodlawn Cemetery,WdlnCem,7,BX12,BX12 Wakefield-Williamsbridge-Eastchester (CD 12 Approximation),18168.5900134,17886378.8288,0.6415821164724417,1019480.1673570757,263385.96494917676,3.4410107516401336
BX2691,2,Bronx,005,BX2691,Van Cortlandt Park,VnCrtldtPk,9,BX26,BX26 Van Cortlandt Park (JIA 26 Equivalent),32864.1146664,50658597.5679,1.817129378461296,1015592.0035937099,266116.0368743761,6.224232252338305
BX2791,2,Bronx,005,BX2791,Bronx Park,BxPk,9,BX27,BX27 Bronx Park (JIA 27 Approximation),32846.0120033,33461143.1911,1.2002481550802306,1018690.1645290423,251833.33708442134,6.220691094120844
BX2891,2,Bronx,005,BX2891,Pelham Bay Park,PlhmByPk,9,BX28,BX28 Pelham Bay Park (JIA 28 Approximation),111082.661525,99280531.0305,3.5612434246589943,1037387.441613998,255661.3084659504,21.037954494535132
MN0101,1,Manhattan,061,MN0101,Financial District-Battery Park City,FiDi,0,MN01,MN01 Financial District-Tribeca (CD 1 Equivalent),44672.4863141,19226758.9064,0.6896645612448329,981415.4364639631,197249.28295119273,8.257986651864886
MN0102,1,Manhattan,061,MN0102,Tribeca-Civic Center,TriBeCa,0,MN01,MN01 Financial District-Tribeca (CD 1 Equivalent),21219.504238,13578197.7714,0.48705285324238606,982244.9580895742,200610.59898897778,4.018792780945099
MN0191,1,Manhattan,061,MN0191,The Battery-Governors Island-Ellis Island-Liberty Island,Btry_GvIsl,9,MN01,MN01 Financial District-Tribeca (CD 1 Equivalent),49616.7910027,11993281.8692,0.43019737914791306,978502.2047534564,191115.89153611023,9.299378600352313
MN0201,1,Manhattan,061,MN0201,SoHo-Little Italy-Hudson Square,SoHo,0,MN02,MN02 Greenwich Village-SoHo (CD 2 Equivalent),18577.1114381,12916761.4511,0.46332506352900155,983773.6218817662,202880.12825786366,3.5183923178185963
MN0202,1,Manhattan,061,MN0202,Greenwich Village,GrnwchVlg,0,MN02,MN02 Greenwich Village-SoHo (CD 2 Equivalent),12974.0060903,10600456.4919,0.3802390557523751,985446.0677045096,205483.28447507822,2.4571981231564926
MN0203,1,Manhattan,061,MN0203,West Village,WstVlg,0,MN02,MN02 Greenwich Village-SoHo (CD 2 Equivalent),23882.3960537,14416861.7497,0.5171338348460609,982616.9115046242,206987.55155533945,4.523124528378445
MN0301,1,Manhattan,061,MN0301,Chinatown-Two Bridges,Chntwn,0,MN03,MN03 Lower East Side-Chinatown (CD 3 Equivalent),16461.541911,11541558.6972,0.41399494016354527,986006.677984956,198990.10677937992,3.1177073709275205
MN0302,1,Manhattan,061,MN0302,Lower East Side,LES,0,MN03,MN03 Lower East Side-Chinatown (CD 3 Equivalent),22960.7636789,16473190.47,0.5908848979927196,988730.5398332136,200483.4142599427,3.7672116761264824
MN0303,1,Manhattan,061,MN0303,East Village,EstVlg,0,MN03,MN03 Lower East Side-Chinatown (CD 3 Equivalent),22375.9305726,18984762.0252,0.6809793327365853,989213.9722554147,203763.89376766566,4.16204929401105
MN0401,1,Manhattan,061,MN0401,Chelsea-Hudson Yards,Chls_HdsYd,0,MN04,MN04 Chelsea-Hell's Kitchen (CD 4 Approximation),40095.2376454,29671753.5327,1.0643277064949477,983931.5767603978,212296.97408188495,7.5937950085941
MN0402,1,Manhattan,061,MN0402,Hell's Kitchen,HllsKtchn,0,MN04,MN04 Chelsea-Hell's Kitchen (CD 4 Approximation),35573.8350331,18382316.6335,0.6593748435026052,986355.3283168992,217684.13111845058,6.5627850020694485
MN0501,1,Manhattan,061,MN0501,Midtown South-Flatiron-Union Square,MdtwnSth,0,MN05,MN05 Midtown-Flatiron-Union Square (CD 5 Approximation),18799.2520872,14878998.7908,0.5337114764213474,987089.8226646177,210351.21757461957,3.560455362112963
MN0502,1,Manhattan,061,MN0502,Midtown-Times Square,Mdtwn_TmSq,0,MN05,MN05 Midtown-Flatiron-Union Square (CD 5 Approximation),21258.4019045,24552509.5397,0.8807012510768555,989344.9098378335,215364.60663278706,4.026190373244995
MN0601,1,Manhattan,061,MN0601,Stuyvesant Town-Peter Cooper Village,StyTwn,0,MN06,MN06 East Midtown-Murray Hill (CD 6 Approximation),11962.9269609,5575562.38731,0.19999577982281952,990740.2860422699,205897.03197070636,2.0950415498979127
MN0602,1,Manhattan,061,MN0602,Gramercy,Grmrcy,0,MN06,MN06 East Midtown-Murray Hill (CD 6 Approximation),12095.3773915,7526022.78361,0.2699580876282277,988669.1846146288,207722.03343872432,2.2907821243029773
MN0603,1,Manhattan,061,MN0603,Murray Hill-Kips Bay,MryHl_KpBy,0,MN06,MN06 East Midtown-Murray Hill (CD 6 Approximation),26035.9635891,15771152.0705,0.5657122313360013,990914.7782848615,210427.6584483063,4.535000174175331
MN0604,1,Manhattan,061,MN0604,East Midtown-Turtle Bay,EstMdtwn,0,MN06,MN06 East Midtown-Murray Hill (CD 6 Approximation),16668.7861558,13138094.9645,0.4712643108818321,992976.0250061178,214758.03427225212,3.1542966913300283
MN0661,1,Manhattan,061,MN0661,United Nations,UN,6,MN06,MN06 East Midtown-Murray Hill (CD 6 Approximation),5307.39139215,1091249.94041,0.039143205499019736,993305.0190431271,212649.51960680736,1.0051877168666057
MN0701,1,Manhattan,061,MN0701,Upper West Side-Lincoln Square,UWS_LclnSq,0,MN07,MN07 Upper West Side (CD 7 Approximation),19952.4206278,15797449.5649,0.5666533105194647,988489.1473878477,221575.0428928914,3.7788255036047698
MN0702,1,Manhattan,061,MN0702,Upper West Side (Central),UWS_C,0,MN07,MN07 Upper West Side (CD 7 Approximation),24906.0097087,25410668.9385,0.9114823281994434,990914.1922043287,226259.28944909497,4.717047293320306
MN0703,1,Manhattan,061,MN0703,Upper West Side-Manhattan Valley,UWS_MnVly,0,MN07,MN07 Upper West Side (CD 7 Approximation),14867.8730441,13200450.2886,0.4735010001477527,993301.8714692731,230465.7846024801,2.8158850271683944
MN0801,1,Manhattan,061,MN0801,Upper East Side-Lenox Hill-Roosevelt Island,UES_LnxHl,0,MN08,MN08 Upper East Side-Roosevelt Island (CD 8 Equivalent),38425.3806097,21500957.9496,0.7712401946808378,996691.3747136277,217977.8150849247,7.277492078730579
MN0802,1,Manhattan,061,MN0802,Upper East Side-Carnegie Hill,UES_CrngHl,0,MN08,MN08 Upper East Side-Roosevelt Island (CD 8 Equivalent),23778.4102558,20065364.2826,0.719745906603139,995003.34217313,221533.95890758082,4.503486790877064
MN0803,1,Manhattan,061,MN0803,Upper East Side-Yorkville,UES_Yrkvl,0,MN08,MN08 Upper East Side-Roosevelt Island (CD 8 Equivalent),18113.2939923,13645033.1396,0.48944586312826305,998462.4884973695,222480.90570875016,3.4232814597160046
MN0901,1,Manhattan,061,MN0901,Morningside Heights,MrngsdHts,0,MN09,MN09 Morningside Heights-Hamilton Heights (CD 9 Equivalent),17757.8076596,15922767.6743,0.5711519402700063,994834.5732215685,234186.90297132987,3.3632107902075052
MN0902,1,Manhattan,061,MN0902,Manhattanville-West Harlem,Mnhttnvl,0,MN09,MN09 Morningside Heights-Hamilton Heights (CD 9 Equivalent),17357.2460682,10734805.1646,0.385058151279777,997031.5273199175,237308.2171243721,3.287357209879646
MN0903,1,Manhattan,061,MN0903,Hamilton Heights-Sugar Hill,HmltnHts,0,MN09,MN09 Morningside Heights-Hamilton Heights (CD 9 Equivalent),17103.2131521,15983586.1467,0.5733322624949505,998512.4168265662,240587.0679665015,3.2392449151679386
MN1001,1,Manhattan,061,MN1001,Harlem (South),Hrlm_S,0,MN10,MN10 Harlem (CD 10 Equivalent),16663.3393423,14426413.3,0.5174751320022791,997732.3209033484,232320.5318825914,3.1559251568730566
MN1002,1,Manhattan,061,MN1002,Harlem (North),Hrlm_N,0,MN10,MN10 Harlem (CD 10 Equivalent),32470.1550555,23792907.8314,0.853452238632196,1000605.7976369763,237639.79449307054,4.9392621928010625
MN1101,1,Manhattan,061,MN1101,East Harlem (South),EstHrlm_S,0,MN11,MN11 East Harlem (CD 11 Equivalent),21636.7245234,16653939.6731,0.5973778750897278,999272.0614334192,227103.44325030872,3.538307875795707
MN1102,1,Manhattan,061,MN1102,East Harlem (North),EstHrlm_N,0,MN11,MN11 East Harlem (CD 11 Equivalent),37229.5260912,26119317.1689,0.9369015560486631,1001570.8689051616,231332.11224990897,5.445052480968114
MN1191,1,Manhattan,061,MN1191,Randall's Island,RndllsIsl,9,MN11,MN11 East Harlem (CD 11 Equivalent),28220.9641658,23466535.4945,0.8417470096466075,1005129.2128156573,227468.9292735003,4.724654254100277
MN1201,1,Manhattan,061,MN1201,Washington Heights (South),WshHts_S,0,MN12,MN12 Washington Heights-Inwood (CD 12 Equivalent),22198.2608859,21027674.3698,0.7542642585462761,1000426.6528202401,245646.31933186064,4.204188331184249
MN1202,1,Manhattan,061,MN1202,Washington Heights (North),WshHts_N,0,MN12,MN12 Washington Heights-Inwood (CD 12 Equivalent),26731.5955312,24773512.0415,0.88862093354689,1002659.222148577,251320.67699792408,5.062743309571257
MN1203,1,Manhattan,061,MN1203,Inwood,Inwd,0,MN12,MN12 Washington Heights-Inwood (CD 12 Equivalent),23742.6967587,14436881.4205,0.5178552951847503,1006564.1134074294,254812.2180506876,4.421939241166062
MN1291,1,Manhattan,061,MN1291,Highbridge Park,HghbrdgPk,9,MN12,MN12 Washington Heights-Inwood (CD 12 Equivalent),27608.2158158,7751324.62516,0.2780457873467263,1003552.7061978863,247723.69079334094,5.16027284447164
MN1292,1,Manhattan,061,MN1292,Inwood Hill Park,InwdHlPk,9,MN12,MN12 Washington Heights-Inwood (CD 12 Equivalent),23769.6972557,10007466.6784,0.3589749437933202,1005174.0860574971,257117.58306042894,3.8894552338313617
MN6491,1,Manhattan,061,MN6491,Central Park,CntrlPk,9,MN64,MN64 Central Park (JIA 64 Equivalent),32721.0974785,38312377.705,1.3742685159526689,993787.6295455963,224354.46940751377,6.1971576633407395
QN0101,4,Queens,081,QN0101,Astoria (North)-Ditmars-Steinway,Astr_N,0,QN01,QN01 Astoria-Queensbridge (CD 1 Equivalent),47392.9789879,58301779.7098,2.091282592915419,1010490.0113356183,222521.8696567708,8.652065206703417
QN0102,4,Queens,081,QN0102,Old Astoria-Hallets Point,OldAstr,0,QN01,QN01 Astoria-Queensbridge (CD 1 Equivalent),15102.2622804,11091067.3494,0.3978372987475986,1003245.6044713188,220576.72592532702,2.8602769470446927
QN0103,4,Queens,081,QN0103,Astoria (Central),Astr_C,0,QN01,QN01 Astoria-Queensbridge (CD 1 Equivalent),21571.9915364,21084822.1142,0.756313924549277,1005564.22360197,217735.32359221863,4.085604457652724
QN0104,4,Queens,081,QN0104,Astoria (East)-Woodside (North),Astr_E,0,QN01,QN01 Astoria-Queensbridge (CD 1 Equivalent),24360.9286823,26041929.9836,0.9341291223538496,1009096.2313456702,216016.9046444243,4.613804075128463
QN0105,4,Queens,081,QN0105,Queensbridge-Ravenswood-Dutch Kills,Qnsbrdg,0,QN01,QN01 Astoria-Queensbridge (CD 1 Equivalent),27093.7842312,27721573.6097,0.9943746273002462,1001445.1092143081,215558.6631732552,5.131398528637849
QN0151,2,Bronx,005,QN0151,Rikers Island,RkrsIsl,5,QN01,QN01 Astoria-Queensbridge (CD 1 Equivalent),18897.4877455,18163733.8401,0.6515356924778808,1016743.0513362329,227528.8111171729,3.5790524944677164
QN0161,4,Queens,081,QN0161,Sunnyside Yards (North),SnnysdYd_N,6,QN01,QN01 Astoria-Queensbridge (CD 1 Equivalent),16111.6114779,4500282.01838,0.1614254052734518,1006419.6404676987,213229.4173644619,3.0514415677830025
QN0171,4,Queens,081,QN0171,St. Michael's Cemetery,StMchlCem,7,QN01,QN01 Astoria-Queensbridge (CD 1 Equivalent),8656.46241913,4388717.08612,0.157422040080168,1012117.8498584387,217634.10394708198,1.6394805448803653
QN0191,4,Queens,081,QN0191,Astoria Park,AstrPk,9,QN01,QN01 Astoria-Queensbridge (CD 1 Equivalent),8570.89494423,2674946.31308,0.09595049619364256,1005553.3746821556,222936.15617721705,1.62327555761885
QN0201,4,Queens,081,QN0201,Long Island City-Hunters Point,LIC,0,QN02,QN02 Long Island City-Sunnyside-Woodside (CD 2 Approximation),37374.7359056,27595430.2612,0.9898471968054429,998406.9986939278,210842.61379753848,7.0784516892050275
QN0202,4,Queens,081,QN0202,Sunnyside,Snnysd,0,QN02,QN02 Long Island City-Sunnyside-Woodside (CD 2 Approximation),34952.1550938,47701718.3827,1.7110652089211902,1004633.6734531219,208310.6083877069,6.619724621566165
QN0203,4,Queens,081,QN0203,Woodside,Wdsd,0,QN02,QN02 Long Island City-Sunnyside-Woodside (CD 2 Approximation),31737.2242797,32949977.2992,1.1819190179949994,1011569.4980190318,210024.9120195685,6.010826671568441
QN0261,4,Queens,081,QN0261,Sunnyside Yards (South),SnnysdYd_S,6,QN02,QN02 Long Island City-Sunnyside-Woodside (CD 2 Approximation),22732.905944,8783519.49551,0.315065408901229,1004149.0774845663,212043.90225972194,4.305474610604241
QN0271,4,Queens,081,QN0271,Calvary & Mount Zion Cemeteries,ClvryCem,7,QN02,QN02 Long Island City-Sunnyside-Woodside (CD 2 Approximation),22214.0785922,14291819.65,0.512646985202477,1008811.3560807684,206812.71943688914,4.207210132626104
QN0301,4,Queens,081,QN0301,Jackson Heights,JcksnHts,0,QN03,QN03 Jackson Heights-East Elmhurst (CD 3 Approximation),27113.8071125,39316390.8808,1.410279799376406,1015738.2264374733,214552.9527750367,5.135181678711861
QN0302,4,Queens,081,QN0302,East Elmhurst,EstElmhrst,0,QN03,QN03 Jackson Heights-East Elmhurst (CD 3 Approximation),24418.5675844,28763854.4811,1.0317649312023252,1019651.6677647838,217675.72870005426,4.624723584046267
QN0303,4,Queens,081,QN0303,North Corona,NrthCrna,0,QN03,QN03 Jackson Heights-East Elmhurst (CD 3 Approximation),15547.7125587,13961463.8085,0.5007971985084442,1022247.7394496198,214028.16324021283,2.9446401629412478
QN0401,4,Queens,081,QN0401,Elmhurst,Elmhrst,0,QN04,QN04 Elmhurst-Corona (CD 4 Approximation),31838.0546906,42102083.8215,1.5102066018220934,1017750.2856843992,208682.84861974366,6.029932221021148
QN0402,4,Queens,081,QN0402,Corona,Crna,0,QN04,QN04 Elmhurst-Corona (CD 4 Approximation),22083.4236607,24025747.985,0.861805124576911,1023242.4808507259,210090.61365689573,4.182466602396586
QN0501,4,Queens,081,QN0501,Maspeth,Mspth,0,QN05,QN05 Ridgewood-Maspeth-Middle Village (CD 5 Approximation),53783.9659708,58314662.1745,2.091748755442502,1010548.7595225588,202721.6975518759,10.186317373939865
QN0502,4,Queens,081,QN0502,Ridgewood,Rdgwd,0,QN05,QN05 Ridgewood-Maspeth-Middle Village (CD 5 Approximation),33457.7886359,42549102.6961,1.5262395117149663,1010953.0276394329,196386.82908034575,6.336698122825623
QN0503,4,Queens,081,QN0503,Glendale,Glndl,0,QN05,QN05 Ridgewood-Maspeth-Middle Village (CD 5 Approximation),41557.487625,30006441.0747,1.0763341789280343,1018701.4036698022,195618.6136060643,7.870728899668196
QN0504,4,Queens,081,QN0504,Middle Village,MddlVlg,0,QN05,QN05 Ridgewood-Maspeth-Middle Village (CD 5 Approximation),35018.3937272,34943402.7825,1.2534187892349387,1018033.2796054311,201331.93737585683,6.6322617248479
QN0571,4,Queens,081,QN0571,Mount Olivet & All Faiths Cemeteries,MtOlvtCem,7,QN05,QN05 Ridgewood-Maspeth-Middle Village (CD 5 Approximation),19128.4475465,7646808.61832,0.27429101073629286,1013639.5373001973,200604.6078475172,3.6228077230356073
QN0572,4,Queens,081,QN0572,Middle Village Cemetery,MddlVlgCem,7,QN05,QN05 Ridgewood-Maspeth-Middle Village (CD 5 Approximation),10370.4604998,5511491.45757,0.1976975528569409,1016571.5163091933,197723.9180808914,1.964102367393109
QN0573,4,Queens,081,QN0573,St. John Cemetery,StJhnCem,7,QN05,QN05 Ridgewood-Maspeth-Middle Village (CD 5 Approximation),11694.1569622,8754117.37864,0.31401075307909826,1021223.7429522102,199708.84570954912,2.2148024549606684
QN0574,4,Queens,081,QN0574,Highland Park-Cypress Hills Cemeteries (North),CyHlsCem_N,7,QN05,QN05 Ridgewood-Maspeth-Middle Village (CD 5 Approximation),33067.8242367,31227049.6398,1.1201162778263405,1016001.9607008725,191810.1894129188,6.262845499374188
QN0601,4,Queens,081,QN0601,Rego Park,RegoPk,0,QN06,QN06 Forest Hills-Rego Park (CD 6 Approximation),26496.2223988,20193352.2383,0.7243368428002199,1022106.2021617758,203893.451252136,5.018223939173515
QN0602,4,Queens,081,QN0602,Forest Hills,FrstHls,0,QN06,QN06 Forest Hills-Rego Park (CD 6 Approximation),36075.5951122,57954644.3,2.0788345810158275,1026472.5318617832,202158.3970532164,6.8324926982526515
QN0701,4,Queens,081,QN0701,College Point,CllgPt,0,QN07,QN07 Flushing-Murray Hill-Whitestone (CD 7 Approximation),67457.4170399,66709283.5237,2.3928668130994692,1028590.5618576724,224439.49218665005,12.775878227287823
QN0702,4,Queens,081,QN0702,Whitestone-Beechhurst,Whtstn,0,QN07,QN07 Flushing-Murray Hill-Whitestone (CD 7 Approximation),44452.5139882,52637755.0603,1.8881150907007052,1036617.1841282832,226561.17913802285,8.41885023824903
QN0703,4,Queens,081,QN0703,Bay Terrace-Clearview,ByTr_Clrvw,0,QN07,QN07 Flushing-Murray Hill-Whitestone (CD 7 Approximation),32939.9932327,39319932.3991,1.4104084256492957,1043077.9002740829,224201.27178955052,5.909607057068095
QN0704,4,Queens,081,QN0704,Murray Hill-Broadway Flushing,MryHl_BwyF,0,QN07,QN07 Flushing-Murray Hill-Whitestone (CD 7 Approximation),37469.2247349,56452699.5453,2.024961961422008,1036665.947301513,219453.83863855375,7.096444078586559
QN0705,4,Queens,081,QN0705,East Flushing,EstFlshng,0,QN07,QN07 Flushing-Murray Hill-Whitestone (CD 7 Approximation),28376.4998965,31659931.7443,1.135646389446321,1037426.7640262303,213965.80666490478,5.374274422298509
QN0706,4,Queens,081,QN0706,Queensboro Hill,QnsboroHl,0,QN07,QN07 Flushing-Murray Hill-Whitestone (CD 7 Approximation),30839.6996673,26427738.6703,0.947963719208043,1034215.9513222339,210059.85462097637,5.840822525575013
QN0707,4,Queens,081,QN0707,Flushing-Willets Point,Flshng,0,QN07,QN07 Flushing-Murray Hill-Whitestone (CD 7 Approximation),30770.2718812,38534095.1506,1.3822272316932074,1030906.4568050833,216287.61673757818,5.82766378715496
QN0761,4,Queens,081,QN0761,Fort Totten,FtTttn,6,QN07,QN07 Flushing-Murray Hill-Whitestone (CD 7 Approximation),14563.7361997,6957320.85064,0.24955741770715686,1046078.1854291725,227759.46926457892,2.7582000376773936
QN0791,4,Queens,081,QN0791,Kissena Park,KssnPk,9,QN07,QN07 Flushing-Murray Hill-Whitestone (CD 7 Approximation),15363.2560009,11016228.3476,0.3951509732921046,1038316.2618510101,210876.52450273864,2.9096441599631104
QN0801,4,Queens,081,QN0801,Kew Gardens Hills,KwGrdnsHls,0,QN08,QN08 Fresh Meadows-Hillcrest-Briarwood (CD 8 Approximation),28291.7157144,34304347.9807,1.2304991671232182,1034198.0782633321,204064.1408239676,5.3582794913690055
QN0802,4,Queens,081,QN0802,Pomonok-Electchester-Hillcrest,Pmnk_Hlcst,0,QN08,QN08 Fresh Meadows-Hillcrest-Briarwood (CD 8 Approximation),28608.0405763,36974156.4278,1.3262653677319887,1038735.3345390038,204227.8007659961,5.418189503086712
QN0803,4,Queens,081,QN0803,Fresh Meadows-Utopia,FrshMdws,0,QN08,QN08 Fresh Meadows-Hillcrest-Briarwood (CD 8 Approximation),28347.5477283,33196056.452,1.190744678747927,1043489.1603007512,207102.14204715964,5.368853736425918
QN0804,4,Queens,081,QN0804,Jamaica Estates-Holliswood,JmcaEstts,0,QN08,QN08 Fresh Meadows-Hillcrest-Briarwood (CD 8 Approximation),32386.246518,39410596.2728,1.4136618007949215,1045895.1085512491,201936.94782393007,6.133749586503189
QN0805,4,Queens,081,QN0805,Jamaica Hills-Briarwood,JmcaHls,0,QN08,QN08 Fresh Meadows-Hillcrest-Briarwood (CD 8 Approximation),29695.3237304,27645289.3562,0.9916362621758049,1037240.9460029711,198693.92359739792,5.624076157911011
QN0871,4,Queens,081,QN0871,Mount Hebron & Cedar Grove Cemeteries,MtHbrnCem,7,QN08,QN08 Fresh Meadows-Hillcrest-Briarwood (CD 8 Approximation),15876.2580695,9208958.01314,0.33032407063241687,1030985.29745429,207613.90414236367,3.006860691348851
QN0891,4,Queens,081,QN0891,Cunningham Park,CnnghmPk,9,QN08,QN08 Fresh Meadows-Hillcrest-Briarwood (CD 8 Approximation),28158.2100341,21304892.4184,0.7642078605092458,1048321.587268743,206756.8505961914,5.332994324647454
QN0901,4,Queens,081,QN0901,Kew Gardens,KwGrdns,0,QN09,QN09 Kew Gardens-Richmond Hill-Woodhaven (CD 9 Approximation),21653.2152453,20284899.0475,0.7276210094608005,1031726.9842254892,197278.61050574156,4.10092367843282
QN0902,4,Queens,081,QN0902,Richmond Hill,RchmdHl,0,QN09,QN09 Kew Gardens-Richmond Hill-Woodhaven (CD 9 Approximation),26207.750938,30269746.1627,1.0857781313954737,1030621.9411099247,193430.33148120233,4.963539694170794
QN0903,4,Queens,081,QN0903,South Richmond Hill,SthRchmdHl,0,QN09,QN09 Kew Gardens-Richmond Hill-Woodhaven (CD 9 Approximation),21161.5684358,15849140.1153,0.5685096747053205,1032817.2262284122,191194.67650951425,4.007872809809348
QN0904,4,Queens,081,QN0904,Ozone Park (North),OznPk_N,0,QN09,QN09 Kew Gardens-Richmond Hill-Woodhaven (CD 9 Approximation),24790.7563462,18087302.8602,0.6487927162329722,1026027.1236926982,188717.15823412043,4.695219004958424
QN0905,4,Queens,081,QN0905,Woodhaven,Wdhvn,0,QN09,QN09 Kew Gardens-Richmond Hill-Woodhaven (CD 9 Approximation),21956.4208457,23727498.0578,0.8511068805171244,1023791.8744186725,191231.73541982294,4.158413038967609
QN1001,4,Queens,081,QN1001,South Ozone Park,SthOznPk,0,QN10,QN10 South Ozone Park-Howard Beach (CD 10 Approximation),36690.0775064,81836593.3439,2.935483863633393,1034311.6363852539,185685.43872700687,6.948878315599741
QN1002,4,Queens,081,QN1002,Ozone Park,OznPk,0,QN10,QN10 South Ozone Park-Howard Beach (CD 10 Approximation),25097.1962488,25107785.0156,0.9006173379331415,1026685.6570958197,185442.059652297,4.753253897783522
QN1003,4,Queens,081,QN1003,Howard Beach-Lindenwood,HwrdBch,0,QN10,QN10 South Ozone Park-Howard Beach (CD 10 Approximation),73875.0828125,52604803.4818,1.8869404705004587,1027520.069354194,179783.90786930488,13.991081091690372
QN1091,4,Queens,081,QN1091,Spring Creek Park,SpCrkPk,9,QN10,QN10 South Ozone Park-Howard Beach (CD 10 Approximation),28395.9685894,11848151.7014,0.4249982447200206,1026235.5732897802,176061.13464953023,5.377627975981012
QN1101,4,Queens,081,QN1101,Auburndale,Abrndl,0,QN11,QN11 Auburndale-Bayside-Douglaston (CD 11 Approximation),39268.992231,55464055.3177,1.9894984723745632,1043537.6350829974,214509.13368712235,7.437299928559826
QN1102,4,Queens,081,QN1102,Bayside,Bysd,0,QN11,QN11 Auburndale-Bayside-Douglaston (CD 11 Approximation),41945.5003159,70410060.1955,2.525613385110167,1048631.2323149615,216892.20008821457,7.944223544687082
QN1103,4,Queens,081,QN1103,Douglaston-Little Neck,Dglstn,0,QN11,QN11 Auburndale-Bayside-Douglaston (CD 11 Approximation),51882.3063635,68149460.7329,2.444525863952638,1057136.522745043,217618.4739091059,9.826179157177444
QN1104,4,Queens,081,QN1104,Oakland Gardens-Hollis Hills,OklndGrdns,0,QN11,QN11 Auburndale-Bayside-Douglaston (CD 11 Approximation),33891.0988063,39634774.8679,1.421703392340215,1052260.611821906,208720.84205618736,6.418760813153525
QN1191,4,Queens,081,QN1191,Alley Pond Park,AllyPndPk,9,QN11,QN11 Auburndale-Bayside-Douglaston (CD 11 Approximation),48184.4005105,26132395.8098,0.9373694094838598,1054747.5877567318,213431.43290873658,9.125821506138479
QN1201,4,Queens,081,QN1201,Jamaica,Jmca,0,QN12,QN12 Jamaica-St. Albans-Hollis (CD 12 Approximation),41775.4560623,46828832.15,1.6797538912220047,1040927.4285487604,195836.48789924724,7.911991219736467
QN1202,4,Queens,081,QN1202,South Jamaica,SthJmca,0,QN12,QN12 Jamaica-St. Albans-Hollis (CD 12 Approximation),33190.9473186,37866246.0508,1.358262828840243,1042003.9725524553,192299.6459601296,6.286146477287584
QN1203,4,Queens,081,QN1203,Baisley Park,BslyPk,0,QN12,QN12 Jamaica-St. Albans-Hollis (CD 12 Approximation),32461.2902092,47948908.2572,1.7199243442629601,1042521.8778353129,186918.48356474083,6.147969861450604
QN1204,4,Queens,081,QN1204,Springfield Gardens (North)-Rochdale Village,SpfGrdns_N,0,QN12,QN12 Jamaica-St. Albans-Hollis (CD 12 Approximation),27779.4054352,34464288.0673,1.2362356393896936,1047480.570703685,184671.18201468885,5.26123370519724
QN1205,4,Queens,081,QN1205,St. Albans,StAlbns,0,QN12,QN12 Jamaica-St. Albans-Hollis (CD 12 Approximation),41392.5382758,74276849.8028,2.6643146662415775,1050188.1031315855,191931.39162377312,7.839469125636815
QN1206,4,Queens,081,QN1206,Hollis,Hlls,0,QN12,QN12 Jamaica-St. Albans-Hollis (CD 12 Approximation),22923.759064,24469175.1264,0.8777121841996638,1050199.7635051212,198717.5618907749,4.341611599127611
QN1301,4,Queens,081,QN1301,Glen Oaks-Floral Park-New Hyde Park,GlnOks,0,QN13,QN13 Queens Village-Bellerose-Rosedale (CD 13 Approximation),33404.1390593,45421116.0417,1.6292661664363817,1064339.533883587,211178.69825760135,6.326535479531463
QN1302,4,Queens,081,QN1302,Bellerose,Bllrs,0,QN13,QN13 Queens Village-Bellerose-Rosedale (CD 13 Approximation),32397.5769591,55322161.2801,1.984401722346393,1059992.7184073362,207354.3411376512,6.1358987062971595
QN1303,4,Queens,081,QN1303,Queens Village,QnsVlg,0,QN13,QN13 Queens Village-Bellerose-Rosedale (CD 13 Approximation),37292.3108773,69655554.1611,2.4985512526316884,1055839.2004639662,200270.12435034287,7.062934870729768
QN1304,4,Queens,081,QN1304,Cambria Heights,CmbriaHts,0,QN13,QN13 Queens Village-Bellerose-Rosedale (CD 13 Approximation),26160.9866802,33073252.7017,1.1863396993270425,1057582.2466636815,192354.55828716984,4.954732283495696
QN1305,4,Queens,081,QN1305,Laurelton,Lrltn,0,QN13,QN13 Queens Village-Bellerose-Rosedale (CD 13 Approximation),30011.2806173,39840609.1876,1.429085212481584,1055119.3108394535,185633.16308599507,5.683954662364089
QN1306,4,Queens,081,QN1306,Springfield Gardens (South)-Brookville,SpfGrdns_S,0,QN13,QN13 Queens Village-Bellerose-Rosedale (CD 13 Approximation),46029.1325731,57436453.1907,2.0602641748066977,1050426.5465361485,179883.1431183521,8.717623941342065
QN1307,4,Queens,081,QN1307,Rosedale,Rsdl,0,QN13,QN13 Queens Village-Bellerose-Rosedale (CD 13 Approximation),55266.0269836,47235421.8665,1.6943235653807485,1057591.1489469463,179496.25741859275,10.466598110765759
QN1371,4,Queens,081,QN1371,Montefiore Cemetery,MntfrCem,7,QN13,QN13 Queens Village-Bellerose-Rosedale (CD 13 Approximation),11843.0837057,5322023.20304,0.19090131404541086,1055791.1334882188,189238.7352664967,2.243008261894962
QN1401,4,Queens,081,QN1401,Far Rockaway-Bayswater,FrRckwy,0,QN14,QN14 The Rockaways (CD 14 Approximation),48622.4860573,60474867.0782,2.1692380234749287,1051852.7470741393,158585.10733848877,9.207995264238443
QN1402,4,Queens,081,QN1402,Rockaway Beach-Arverne-Edgemere,RckwyBch,0,QN14,QN14 The Rockaways (CD 14 Approximation),67307.1100702,50502113.2539,1.8115279971331084,1040821.7193653253,154866.41327239096,12.711880745386548
QN1403,4,Queens,081,QN1403,Breezy Point-Belle Harbor-Rockaway Park-Broad Channel,BrzyPt,0,QN14,QN14 The Rockaways (CD 14 Approximation),104333.596537,69232782.4534,2.483410020810704,1022985.7983333442,149955.2003356759,19.75980466720436
QN1491,4,Queens,081,QN1491,Rockaway Community Park,RckwyCPk,9,QN14,QN14 The Rockaways (CD 14 Approximation),21696.3677108,8929707.5229,0.3203096958576598,1045195.2482494928,159179.44891299953,4.0432185149901585
QN8081,4,Queens,081,QN8081,LaGuardia Airport,LGA,8,QN80,QN80 LaGuardia Airport (JIA 80 Approximation),45928.7995297,30591950.7586,1.0973352283698543,1019354.7035963237,221439.6789889581,7.655840917172159
QN8191,4,Queens,081,QN8191,Flushing Meadows-Corona Park,FlshMdwCPk,9,QN81,QN81 Flushing Meadows-Corona Park (JIA 81 Approximation),61510.7659461,55207873.0558,1.980305709490078,1028374.4222935784,209117.59021376912,11.649695563566032
QN8291,4,Queens,081,QN8291,Forest Park,FrstPk,9,QN82,QN82 Forest Park (JIA 82 Approximation),29485.1239276,24009736.3935,0.8612334041707504,1024881.0870159767,195095.71595869222,5.58428955660945
QN8381,4,Queens,081,QN8381,John F. Kennedy International Airport,JFK,8,QN83,QN83 JFK International Airport (JIA 83 Approximation),107123.911719,197189855.852,7.07320953290804,1043478.2003942827,175058.72273761223,19.617236493258904
QN8491,4,Queens,081,QN8491,Jamaica Bay (East),JmcaBy_E,9,QN84,QN84 Jamaica Bay (East) (JIA 84 Approximation),175420.883968,69920673.6052,2.5080476741765936,1035939.8632269527,164089.59797656108,28.19332934504736
QN8492,4,Queens,081,QN8492,Jacob Riis Park-Fort Tilden-Breezy Point Tip,JcbRsPk,9,QN84,QN84 Jamaica Bay (East) (JIA 84 Approximation),63381.1042486,52634576.6743,1.8880164787825462,1010890.1928951145,142797.96610557882,12.003851002295766
SI0101,5,Staten Island,085,SI0101,St. George-New Brighton,StGrg,0,SI01,SI01 North Shore (CD 1 Equivalent),31945.028276,26508980.7371,0.9508761311913765,960512.729473651,173253.56210297951,6.050161145921384
SI0102,5,Staten Island,085,SI0102,Tompkinsville-Stapleton-Clifton-Fox Hills,Tkvl_Stptn,0,SI01,SI01 North Shore (CD 1 Equivalent),31620.254464,24241444.6575,0.8695430362129598,962366.0131900301,167392.68199297183,5.988674067333167
SI0103,5,Staten Island,085,SI0103,Rosebank-Shore Acres-Park Hill,Rsbnk_PkHl,0,SI01,SI01 North Shore (CD 1 Equivalent),35208.6948449,35251161.0057,1.2644608525682237,964045.8018896909,162138.34454261756,6.668273017575997
SI0104,5,Staten Island,085,SI0104,West New Brighton-Silver Lake-Grymes Hill,WstNwBrgtn,0,SI01,SI01 North Shore (CD 1 Equivalent),55177.8673975,85358864.0628,3.061827719917497,956130.058359016,168113.91646699113,10.450325924781433
SI0105,5,Staten Island,085,SI0105,Westerleigh-Castleton Corners,Wstrlgh,0,SI01,SI01 North Shore (CD 1 Equivalent),42608.1040117,76529172.3396,2.7451078675237954,948492.7577724945,164092.70521304966,8.069706191354655
SI0106,5,Staten Island,085,SI0106,Port Richmond,PrtRchmnd,0,SI01,SI01 North Shore (CD 1 Equivalent),39708.1608207,36236920.9342,1.299821231462575,947285.8022877049,170227.08682959393,7.520469875827126
SI0107,5,Staten Island,085,SI0107,Mariner's Harbor-Arlington-Graniteville,MrnrsHrbr,0,SI01,SI01 North Shore (CD 1 Equivalent),71332.7003512,89389405.913,3.2063981293746555,937794.8907326926,169332.12266432264,13.509918052145437
SI0191,5,Staten Island,085,SI0191,Snug Harbor,SngHrbr,9,SI01,SI01 North Shore (CD 1 Equivalent),9028.40258177,3768354.87263,0.13517113150806265,955590.0394735117,173407.7221667917,1.7099247313951302
SI0201,5,Staten Island,085,SI0201,Grasmere-Arrochar-South Beach-Dongan Hills,Grsmr_SBch,0,SI02,SI02 Mid-Island (CD 2 Approximation),43110.1442808,80113159.1808,2.8736589783371276,961678.3895494131,155529.36405431962,8.164777518471972
SI0202,5,Staten Island,085,SI0202,New Dorp-Midland Beach,NwDrp_MBch,0,SI02,SI02 Mid-Island (CD 2 Approximation),49754.8656472,62179637.0243,2.2303830795634507,956028.7494527496,148531.10301326355,9.423237885860743
SI0203,5,Staten Island,085,SI0203,Todt Hill-Emerson Hill-Lighthouse Hill-Manor Heights,TdtHl,0,SI02,SI02 Mid-Island (CD 2 Approximation),71383.0338012,186311257.774,6.6829991677045895,948624.112776138,154129.18599971788,13.519338796817394
SI0204,5,Staten Island,085,SI0204,New Springville-Willowbrook-Bulls Head-Travis,NwSprngvl,0,SI02,SI02 Mid-Island (CD 2 Approximation),91480.449569,209384913.624,7.5106532903986745,935530.5048462681,159277.8423226915,17.325505153449456
SI0291,5,Staten Island,085,SI0291,Freshkills Park (North),FrshklPk_N,9,SI02,SI02 Mid-Island (CD 2 Approximation),44217.7663665,68180387.0998,2.44563961393594,934657.0266879554,151674.95191494908,8.374518839518458
SI0301,5,Staten Island,085,SI0301,Oakwood-Richmondtown,Okwd_Rmtwn,0,SI03,SI03 South Shore (CD 3 Approximation),44192.9044817,55937302.0147,2.0064805223352624,950187.8145045545,144051.39134087125,8.369824857160122
SI0302,5,Staten Island,085,SI0302,Great Kills-Eltingville,GrtKls_Evl,0,SI03,SI03 South Shore (CD 3 Approximation),67428.0398167,116746291.742,4.187705431493412,941182.6564441839,139786.66271607205,12.770314368528265
SI0303,5,Staten Island,085,SI0303,Arden Heights-Rossville,ArdnHts,0,SI03,SI03 South Shore (CD 3 Approximation),38159.8607048,67773961.9882,2.4310593671427614,929531.785318299,140680.309592872,7.227149907882081
SI0304,5,Staten Island,085,SI0304,Annadale-Huguenot-Prince's Bay-Woodrow,Anndl_Wdrw,0,SI03,SI03 South Shore (CD 3 Approximation),67585.202318,180426655.446,6.471949014500909,929195.1680330292,131846.06000898525,12.799785876473583
SI0305,5,Staten Island,085,SI0305,Tottenville-Charleston,Tttnvl,0,SI03,SI03 South Shore (CD 3 Approximation),83178.7954811,126774048.602,4.547396605710859,918783.1057844452,130506.98958045455,15.707632296272644
SI0391,5,Staten Island,085,SI0391,Freshkills Park (South),FrshklPK_S,9,SI03,SI03 South Shore (CD 3 Approximation),33945.4197532,47758770.5135,1.713106672754215,929350.6096406922,146303.33919922812,6.428986735698123
SI9561,5,Staten Island,085,SI9561,Fort Wadsworth,FtWdswrth,6,SI95,SI95 Great Kills Park-Fort Wadsworth (JIA 95 Approximation),14814.4135523,9867248.22161,0.353936646065785,967995.8900399606,158430.86527621627,2.805743513858223
SI9591,5,Staten Island,085,SI9591,Hoffman & Swinburne Islands,HffmnIsl,9,SI95,SI95 Great Kills Park-Fort Wadsworth (JIA 95 Approximation),4743.12777694,635701.886652,0.02280266753660097,969487.7730042048,149220.5982171242,0.8983196547233023
SI9592,5,Staten Island,085,SI9592,Miller Field,MllrFld,9,SI95,SI95 Great Kills Park-Fort Wadsworth (JIA 95 Approximation),19197.2008558,10866804.0615,0.3897929593672188,957216.1777329324,146495.7879164427,3.635833458049899
SI9593,5,Staten Island,085,SI9593,Great Kills Park,GrtKlsPk,9,SI95,SI95 Great Kills Park-Fort Wadsworth (JIA 95 Approximation),41465.4293799,23377915.3702,0.8385975368952712,948580.2108243408,138144.4239986188,7.853040780188277
