geoid,borough,wbgt,svi,adaptive_score,chvi,chvi_class
BK0101,Brooklyn,17.519549694081917,0.6430684277944627,0.06405981179443242,0.7108946871049433,High
BK0102,Brooklyn,17.54954061152117,0.6430684277944627,0.0009312554513570751,0.7616710178113903,Very High
BK0103,Brooklyn,17.5219943910561,0.6430684277944627,0.1369767989049366,0.6635311047439972,High
BK0104,Brooklyn,17.470059691526288,0.6430684277944627,0.08254332243008522,0.6836393488260519,High
BK0201,Brooklyn,17.56369957969,0.6430684277944627,0.10593590037016791,0.696702218026374,High
BK0202,Brooklyn,17.548342655199505,0.6430684277944627,0.08042584912153274,0.7088592835367103,High
BK0203,Brooklyn,17.51638521859123,0.6430684277944627,0.11268578662974203,0.6778503162816948,High
BK0204,Brooklyn,17.48462698829688,0.6430684277944627,0.11870946550591825,0.6642115461704879,High
BK0261,Brooklyn,17.559028010479583,0.6430684277944627,0.005317040172300788,0.7616646486501608,Very High
BK0301,Brooklyn,17.454375934118005,0.6430684277944627,0.14856794889306293,0.635306239788895,Moderate
BK0302,Brooklyn,17.408860684264734,0.6430684277944627,0.1630350471902067,0.6119103495047149,Low
BK0401,Brooklyn,17.414361916489174,0.6430684277944627,0.1785281030210153,0.6033628097945102,Low
BK0402,Brooklyn,17.37409223349843,0.6430684277944627,0.21229946493744709,0.5688271023357788,Very Low
BK0471,Brooklyn,17.34796221153359,0.6430684277944627,0.004810609813636965,0.6977676472947244,High
BK0501,Brooklyn,17.25891187129423,0.6430684277944627,0.26435762436082855,0.4994298700216809,Very Low
BK0502,Brooklyn,17.20212863801513,0.6430684277944627,0.27295869176486665,0.47647508887744977,Very Low
BK0503,Brooklyn,17.130135875286566,0.6430684277944627,0.10412487809458314,0.5659558127542058,Very Low
BK0504,Brooklyn,17.047596085744157,0.6430684277944627,0.061536531285525366,0.5689354607746376,Very Low
BK0505,Brooklyn,17.118344003327156,0.6430684277944627,0.1602435476435712,0.5253426064174377,Very Low
BK0571,Brooklyn,17.278061664232833,0.6430684277944627,0.006633614983708523,0.6752929104435107,High
BK0601,Brooklyn,17.548821166664528,0.6430684277944627,0.02777255208066486,0.7437433242021633,Very High
BK0602,Brooklyn,17.454412555374258,0.6430684277944627,0.018202987955262127,0.7213266781622832,High
BK0701,Brooklyn,17.42001809684764,0.6430684277944627,0.03540727709063998,0.6995091620204027,High
BK0702,Brooklyn,17.48309492037403,0.6430684277944627,0.00133336405385669,0.7411851034184872,Very High
BK0703,Brooklyn,17.45244952402502,0.6430684277944627,0.001432703449600263,0.7317936176238771,High
BK0771,Brooklyn,17.431836998377147,0.6430684277944627,0.0031833283558568523,0.7243658665983532,High
BK0801,Brooklyn,17.424198924001107,0.6430684277944627,0.04300588355495899,0.6957682234594809,High
BK0802,Brooklyn,17.390907482616726,0.6430684277944627,0.10320463312395117,0.6459204466306605,Moderate
BK0891,Brooklyn,17.338614383412164,0.6430684277944627,0.09954738739989649,0.6324196112677526,Moderate
BK0901,Brooklyn,17.381472252145837,0.6430684277944627,0.10163603623974045,0.6440840300813393,Moderate
BK0902,Brooklyn,17.350943916169474,0.6430684277944627,0.19229109785883994,0.5749833279339812,Low
BK1001,Brooklyn,17.339661801191,0.6430684277944627,0.02573487145344273,0.681436739114833,High
BK1002,Brooklyn,17.325067833047076,0.6430684277944627,0.04554247824886414,0.663927309677326,High
BK1061,Brooklyn,17.210452935495464,0.6430684277944627,0.0,0.659094935965228,Moderate
BK1091,Brooklyn,17.22035474947093,0.6430684277944627,0.0026898799221563648,0.660333567096469,Moderate
BK1101,Brooklyn,17.18590909750621,0.6430684277944627,0.07902171557753077,0.5994906145612598,Low
BK1102,Brooklyn,17.14047969745424,0.6430684277944627,0.018952566834843667,0.6252967168771084,Low
BK1103,Brooklyn,17.098347829184164,0.6430684277944627,0.02714150028350822,0.6070725184655804,Low
BK1201,Brooklyn,17.427818233762196,0.6430684277944627,0.09114669649591157,0.6651083699475494,High
BK1202,Brooklyn,17.303978906091668,0.6430684277944627,0.014720481843374393,0.6778446206444589,High
BK1203,Brooklyn,17.304039929513724,0.6430684277944627,0.0,0.687575143213452,High
BK1204,Brooklyn,17.18284477375398,0.6430684277944627,0.017718852022026416,0.6390031252630639,Moderate
BK1301,Brooklyn,17.016025175533557,0.6430684277944627,0.00208001003906306,0.5985547653205243,Low
BK1302,Brooklyn,16.980856533508597,0.6430684277944627,0.02250298457934441,0.5743780985469756,Very Low
BK1303,Brooklyn,16.942601939153107,0.6430684277944627,0.038979919779161334,0.5518657509724152,Very Low
BK1391,Brooklyn,17.031950011243072,0.6430684277944627,0.0,0.6047732822947377,Low
BK1401,Brooklyn,17.242521662293218,0.6430684277944627,0.08859234119219665,0.6104045428330032,Low
BK1402,Brooklyn,17.246366420576887,0.6430684277944627,0.13850387711333337,0.5786450491486693,Low
BK1403,Brooklyn,17.13474288078277,0.6430684277944627,0.03448949430913466,0.6133002918976763,Low
BK1501,Brooklyn,17.05906456098595,0.6430684277944627,0.09364786698825023,0.5512398215422819,Very Low
BK1502,Brooklyn,17.038288295268043,0.6430684277944627,0.039113545559463676,0.5808966712594791,Low
BK1503,Brooklyn,16.933359413069834,0.6430684277944627,0.033373901713249714,0.5527516977696946,Very Low
BK1601,Brooklyn,17.329997214549007,0.6430684277944627,0.18905884381506433,0.5707413741693391,Very Low
BK1602,Brooklyn,17.246574804175182,0.6430684277944627,0.3653454859348928,0.42904795361493164,Very Low
BK1701,Brooklyn,17.266413371148786,0.6430684277944627,0.04077090819062051,0.6492257812350938,Moderate
BK1702,Brooklyn,17.173074689148006,0.6430684277944627,0.023033014807142756,0.6325238525089025,Moderate
BK1703,Brooklyn,17.219672522887503,0.6430684277944627,0.35276825216170343,0.42915903257162086,Very Low
BK1704,Brooklyn,17.226933829753204,0.6430684277944627,0.2508259064668574,0.4986260320477854,Very Low
BK1771,Brooklyn,17.20379581408237,0.6430684277944627,0.034555990909685044,0.6342704711027359,Moderate
BK1801,Brooklyn,17.105059456345238,0.6430684277944627,0.026383997576128845,0.6096147557339405,Low
BK1802,Brooklyn,17.003642987593036,0.6430684277944627,0.010806737285178206,0.5890291166274233,Low
BK1803,Brooklyn,17.0780222432503,0.6430684277944627,0.14286685025922194,0.5245363797041076,Very Low
BK1891,Brooklyn,16.897981222431895,0.6430684277944627,0.0133871480713083,0.555171893097209,Very Low
BK1892,Brooklyn,16.952677357001857,0.6430684277944627,0.0,0.580649186360359,Low
BK1893,Brooklyn,16.998652191907556,0.6430684277944627,0.0011629631681888007,0.5938728823987973,Low
BK5591,Brooklyn,17.374128865040678,0.6430684277944627,0.0406616526709156,0.6820776275449608,High
BK5691,Brooklyn,16.839686166414932,0.6430684277944627,0.0,0.5462639327372826,Very Low
BK5692,Brooklyn,16.824879334987212,0.6430684277944627,0.0,0.5417579473471685,Very Low
BK5693,Brooklyn,16.987335839805542,0.6430684277944627,0.0,0.5911963866792984,Low
BX0101,Bronx,17.487154700135992,0.8506955090124146,0.050187145234400904,0.8844260963971696,Very High
BX0102,Bronx,17.447476241399297,0.8506955090124146,0.09806001917995533,0.8407667272151684,Very High
BX0201,Bronx,17.402857973294076,0.8506955090124146,0.017113151250239916,0.8805939087117035,Very High
BX0202,Bronx,17.420805953506658,0.8506955090124146,0.059645157697401224,0.8579949811724289,Very High
BX0291,Bronx,17.470995303585074,0.8506955090124146,0.0,0.9126198593218974,Very High
BX0301,Bronx,17.41571712326613,0.8506955090124146,0.11776575178574465,0.8181008458759687,Very High
BX0302,Bronx,17.411670504825114,0.8506955090124146,0.07034982144625941,0.8481524147459393,Very High
BX0303,Bronx,17.40063340163294,0.8506955090124146,0.009248609279067246,0.8851056240527421,Very High
BX0391,Bronx,17.40329061819061,0.8506955090124146,0.002119119297907352,0.8906179991917362,Very High
BX0401,Bronx,17.462977009898964,0.8506955090124146,0.02248441699578042,0.8953454797258935,Very High
BX0402,Bronx,17.455516363454,0.8506955090124146,0.08104333974874514,0.8544403673201191,Very High
BX0403,Bronx,17.418069482375845,0.8506955090124146,0.001974604498468304,0.8952108184059703,Very High
BX0491,Bronx,17.485324416599344,0.8506955090124146,0.0,0.9169804663978124,Very High
BX0492,Bronx,17.41654481295952,0.8506955090124146,0.0,0.8960495946814845,Very High
BX0501,Bronx,17.424907561800314,0.8506955090124146,0.056571075474071204,0.8612713240069327,Very High
BX0502,Bronx,17.403750736502953,0.8506955090124146,0.04169220014151052,0.8646493745307783,Very High
BX0503,Bronx,17.390529084768108,0.8506955090124146,0.0,0.8881325401978213,Very High
BX0601,Bronx,17.396148535960197,0.8506955090124146,0.07044491166692186,0.8433660636476973,Very High
BX0602,Bronx,17.402796522651155,0.8506955090124146,0.12821405443647096,0.8072755257895081,Very High
BX0603,Bronx,17.39232416509009,0.8506955090124146,0.0543777579275068,0.8528026680056651,Very High
BX0701,Bronx,17.438732965950724,0.8506955090124146,0.02960488499953956,0.8832697966757462,Very High
BX0702,Bronx,17.398571671679147,0.8506955090124146,0.000547154546058625,0.8902190547414564,Very High
BX0703,Bronx,17.386577616149697,0.8506955090124146,0.037050098251983805,0.8624859475350402,Very High
BX0801,Bronx,17.437920332373565,0.8506955090124146,0.09762016224522067,0.8381488910746372,Very High
BX0802,Bronx,17.482223080238224,0.8506955090124146,0.08697578981880348,0.8586537221377138,Very High
BX0803,Bronx,17.489781497452245,0.8506955090124146,0.026677541411475898,0.9007361215364988,Very High
BX0901,Bronx,17.391679280063737,0.8506955090124146,0.03101540420084554,0.8680199119109541,Very High
BX0902,Bronx,17.372481350982287,0.8506955090124146,0.07373239769043216,0.8339947687516682,Very High
BX0903,Bronx,17.375019653134206,0.8506955090124146,0.04071980954083961,0.8565475308175642,Very High
BX0904,Bronx,17.386814507475478,0.8506955090124146,0.0663454329017114,0.8432302136310073,Very High
BX0991,Bronx,17.380525235687653,0.8506955090124146,0.017236299268321063,0.8737164067128717,Very High
BX1001,Bronx,17.401995056985875,0.8506955090124146,0.09756851241777516,0.8272502593388341,Very High
BX1002,Bronx,17.336195704783787,0.8506955090124146,0.019746896280751828,0.8585697464897445,Very High
BX1003,Bronx,17.306372802297293,0.8506955090124146,0.04492227522209714,0.8328844488489581,Very High
BX1004,Bronx,17.376953033335266,0.8506955090124146,0.059215552249605875,0.8449331835485387,Very High
BX1071,Bronx,17.1853219683583,0.8506955090124146,0.0,0.8256843200634988,Very High
BX1091,Bronx,17.35235021622742,0.8506955090124146,0.004324686047765966,0.8736607779621641,Very High
BX1101,Bronx,17.392557987856772,0.8506955090124146,0.08821423323833812,0.8305499475193892,Very High
BX1102,Bronx,17.396106132791065,0.8506955090124146,0.08433038725662846,0.8341921094076473,Very High
BX1103,Bronx,17.387764471608424,0.8506955090124146,0.043505017149668,0.8585884462236065,Very High
BX1104,Bronx,17.391595669724282,0.8506955090124146,0.19820395676110789,0.7576905237999999,Very High
BX1161,Bronx,17.400918138523213,0.8506955090124146,0.0,0.891294116303157,Very High
BX1201,Bronx,17.379933456864325,0.8506955090124146,0.04758021536961269,0.8535166838191691,Very High
BX1202,Bronx,17.36918901130365,0.8506955090124146,0.055913052411284525,0.844749301735381,Very High
BX1203,Bronx,17.358847310101094,0.8506955090124146,0.06982761135127467,0.832421897706222,Very High
BX1271,Bronx,17.366236585965055,0.8506955090124146,0.0,0.8807398954425768,Very High
BX2691,Bronx,17.408643063542794,0.8506955090124146,0.0018563982040181559,0.8924201769583539,Very High
BX2791,Bronx,17.396495943100437,0.8506955090124146,0.004818026101446884,0.886769632536689,Very High
BX2891,Bronx,17.296853682709223,0.8506955090124146,0.0001353185355464188,0.8595361513379848,Very High
MN0101,Manhattan,17.596109816534803,0.5665199138619197,0.08249925993894086,0.6577895034121001,Moderate
MN0102,Manhattan,17.60619886554188,0.5665199138619197,0.08282616878654299,0.6606441020240853,Moderate
MN0191,Manhattan,17.5712241300689,0.5665199138619197,0.0011201887047839912,0.7039068142543637,High
MN0201,Manhattan,17.587154776070474,0.5665199138619197,0.12384117042304287,0.6277886773507141,Moderate
MN0202,Manhattan,17.571007744830297,0.5665199138619197,0.05368020914473801,0.6691640832797562,High
MN0203,Manhattan,17.60722258369909,0.5665199138619197,0.18430418266483997,0.5940047313450114,Low
MN0301,Manhattan,17.585107047259395,0.5665199138619197,0.19372106669857148,0.581061713169167,Low
MN0302,Manhattan,17.57366706243756,0.5665199138619197,0.5052359463279005,0.3720559624083492,Very Low
MN0303,Manhattan,17.579149621817702,0.5665199138619197,0.15835926575767337,0.602578983724214,Low
MN0401,Manhattan,17.589236764895208,0.5665199138619197,0.02234709066322918,0.695383770170389,High
MN0402,Manhattan,17.5663949256752,0.5665199138619197,0.09067411346922556,0.6433533041209166,Moderate
MN0501,Manhattan,17.55450586744288,0.5665199138619197,0.03914702082636099,0.6737306485735207,High
MN0502,Manhattan,17.505587541441447,0.5665199138619197,0.13303824354627333,0.5968984589822298,Low
MN0601,Manhattan,17.58220675968329,0.5665199138619197,0.0024095620686401266,0.706398352105627,High
MN0602,Manhattan,17.565648025334106,0.5665199138619197,0.2810155527410038,0.5175467683783864,Very Low
MN0603,Manhattan,17.557224819872747,0.5665199138619197,0.07130961573051281,0.6533385533648285,Moderate
MN0604,Manhattan,17.502904132522346,0.5665199138619197,0.12175485566983608,0.6035261519813284,Low
MN0661,Manhattan,17.53494045201668,0.5665199138619197,0.0,0.693604090945034,High
MN0701,Manhattan,17.525333291733308,0.5665199138619197,0.10295981962970724,0.6227519197201118,Low
MN0702,Manhattan,17.484268300309015,0.5665199138619197,0.08640193259370955,0.621179297849782,Low
MN0703,Manhattan,17.489982663006497,0.5665199138619197,0.08417895542614352,0.6243849077256355,Low
MN0801,Manhattan,17.494669660456704,0.5665199138619197,0.17338702330705255,0.5669555309066403,Very Low
MN0802,Manhattan,17.451800286486396,0.5665199138619197,0.05270083547246943,0.6335332568332942,Moderate
MN0803,Manhattan,17.49155053754014,0.5665199138619197,0.03973372544940785,0.6541851252928385,Moderate
MN0901,Manhattan,17.515556704669045,0.5665199138619197,0.1353547497537199,0.5984039219069975,Low
MN0902,Manhattan,17.495180138586363,0.5665199138619197,0.0025030102250661146,0.6798529313064711,High
MN0903,Manhattan,17.472288310956113,0.5665199138619197,0.001681057482626534,0.6734288257026972,High
MN1001,Manhattan,17.503544655206646,0.5665199138619197,0.19535770793055693,0.5551610220498234,Very Low
MN1002,Manhattan,17.488319738415004,0.5665199138619197,0.33954448898386685,0.4553994588908236,Very Low
MN1101,Manhattan,17.495228669950386,0.5665199138619197,0.2042023567803534,0.546794992350256,Very Low
MN1102,Manhattan,17.527328320167324,0.5665199138619197,0.0077153609443488536,0.6861973129620157,High
MN1191,Manhattan,17.506130928941005,0.5665199138619197,0.004580019786719398,0.6818151308086963,High
MN1201,Manhattan,17.444393185364458,0.5665199138619197,0.07607243416829872,0.615859549132596,Low
MN1202,Manhattan,17.472780395405803,0.5665199138619197,0.06402821918870628,0.6324445524671299,Moderate
MN1203,Manhattan,17.508874026733068,0.5665199138619197,0.07417731016368244,0.6367325528509575,Moderate
MN1291,Manhattan,17.41394520386738,0.5665199138619197,0.005199527562144619,0.6533526298705173,Moderate
MN1292,Manhattan,17.543231450374567,0.5665199138619197,0.0,0.6961271910189738,High
MN6491,Manhattan,17.455315684778274,0.5665199138619197,0.014151170111326808,0.660036496472908,Moderate
QN0101,Queens,17.43942004722004,0.6223753093189037,0.011373225136097773,0.7039048564673774,High
QN0102,Queens,17.49490389352707,0.6223753093189037,0.05251698206404152,0.6936446771728839,High
QN0103,Queens,17.448150527908155,0.6223753093189037,0.02507636668760288,0.6975209450303085,High
QN0104,Queens,17.41398125718909,0.6223753093189037,0.04919248305234228,0.6712118259817657,High
QN0105,Queens,17.49442711981011,0.6223753093189037,0.025857695908870344,0.7110882571114107,High
QN0151,Queens,17.417323785268906,0.6223753093189037,0.0,0.7046841396026519,High
QN0161,Queens,17.439336659910843,0.6223753093189037,0.12047364858674581,0.6318996298405208,Moderate
QN0171,Queens,17.397191781015753,0.6223753093189037,0.006122424086281146,0.6945182914797957,High
QN0191,Queens,17.47328690158295,0.6223753093189037,0.010044809856462169,0.7150875822807216,High
QN0201,Queens,17.522043954311975,0.6223753093189037,0.02159435981297714,0.7223053261205353,High
QN0202,Queens,17.44439855472454,0.6223753093189037,0.11539060735653354,0.6367936314351924,Moderate
QN0203,Queens,17.37263237062257,0.6223753093189037,0.0914762508872594,0.6307315716322764,Moderate
QN0261,Queens,17.463409931612592,0.6223753093189037,0.0,0.7187089836839146,High
QN0271,Queens,17.38025054208322,0.6223753093189037,0.01222035701987957,0.6853396089193996,High
QN0301,Queens,17.37119118142942,0.6223753093189037,0.07119657017263162,0.6436726684190955,Moderate
QN0302,Queens,17.35487494334431,0.6223753093189037,0.12380382590391821,0.6039992985069563,Low
QN0303,Queens,17.33459771013504,0.6223753093189037,0.09560704441336938,0.6164316165982209,Low
QN0401,Queens,17.354251014950798,0.6223753093189037,0.1370274978193365,0.595085005777098,Low
QN0402,Queens,17.35957740808094,0.6223753093189037,0.11894349256670712,0.6086369857985414,Low
QN0501,Queens,17.36914051860711,0.6223753093189037,0.07918508620427764,0.6377781294044065,Moderate
QN0502,Queens,17.359974451243968,0.6223753093189037,0.05169103592260319,0.653128142947196,Moderate
QN0503,Queens,17.324306331701408,0.6223753093189037,0.02283399986134868,0.6613123452979062,Moderate
QN0504,Queens,17.321034964447016,0.6223753093189037,0.05626941778617206,0.6382575331000512,Moderate
QN0571,Queens,17.31543145917496,0.6223753093189037,0.003513802684641938,0.6713582117038729,High
QN0572,Queens,17.31125634385934,0.6223753093189037,0.0,0.6724059075115146,High
QN0573,Queens,17.32976486860388,0.6223753093189037,0.0,0.6780383848243402,High
QN0574,Queens,17.308594222410907,0.6223753093189037,0.0,0.6715957760251187,High
QN0601,Queens,17.347439784076286,0.6223753093189037,0.0976072996495621,0.6190200070084878,Low
QN0602,Queens,17.349177412970892,0.6223753093189037,0.057191076597946235,0.6462137153231252,Moderate
QN0701,Queens,17.33396470570133,0.6223753093189037,0.0014097381835785244,0.6783863851701001,High
QN0702,Queens,17.31637355753461,0.6223753093189037,0.035476869168539704,0.6505570282330605,Moderate
QN0703,Queens,17.310795278605056,0.6223753093189037,0.04568593955216621,0.6421239441721421,Moderate
QN0704,Queens,17.327072409585757,0.6223753093189037,0.10907989885475512,0.6052527119632365,Low
QN0705,Queens,17.330354654882626,0.6223753093189037,0.12872651146347702,0.5932895532875713,Low
QN0706,Queens,17.34424962713283,0.6223753093189037,0.08692873178221588,0.6250944527691857,Low
QN0707,Queens,17.35050900894133,0.6223753093189037,0.09868904561974574,0.6192403371021756,Low
QN0761,Queens,17.266573549900972,0.6223753093189037,0.0,0.6588081288274835,Moderate
QN0791,Queens,17.323169107124077,0.6223753093189037,0.020732172556436796,0.6623529642466736,Moderate
QN0801,Queens,17.332930849304052,0.6223753093189037,0.15796680538912594,0.5747820249775742,Very Low
QN0802,Queens,17.318908136222102,0.6223753093189037,0.09218675722571301,0.6139135577706311,Low
QN0803,Queens,17.3074001905802,0.6223753093189037,0.05504009926124642,0.6349192783571039,Moderate
QN0804,Queens,17.290422878848545,0.6223753093189037,0.06479186004293866,0.623318976938867,Low
QN0805,Queens,17.28787698781542,0.6223753093189037,0.0606056032497956,0.6253061318412009,Low
QN0871,Queens,17.344072103110634,0.6223753093189037,0.0029177543375906562,0.6804673228271861,High
QN0891,Queens,17.306906686041625,0.6223753093189037,0.033015015666633056,0.6493003157311317,Moderate
QN0901,Queens,17.28812672992493,0.6223753093189037,0.05719325070944168,0.6276334589104096,Low
QN0902,Queens,17.222876514585252,0.6223753093189037,0.07250236618365062,0.597676335952635,Low
QN0903,Queens,17.162557207161132,0.6223753093189037,0.19411387176578995,0.499085950878386,Very Low
QN0904,Queens,17.16988994770927,0.6223753093189037,0.23991395282971717,0.4711004772192506,Very Low
QN0905,Queens,17.22562150178162,0.6223753093189037,0.1619350579937993,0.5395077730697447,Very Low
QN1001,Queens,17.08697495290892,0.6223753093189037,0.14983481542599011,0.5052983608763394,Very Low
QN1002,Queens,17.11319848245361,0.6223753093189037,0.12486395285388625,0.5297533732662527,Very Low
QN1003,Queens,17.020245784125283,0.6223753093189037,0.032871372373969504,0.5621590119248353,Very Low
QN1091,Queens,16.9599145668267,0.6223753093189037,0.0,0.5654862790971584,Very Low
QN1101,Queens,17.31517966464141,0.6223753093189037,0.09939758231784579,0.6080215189707721,Low
QN1102,Queens,17.30909755075857,0.6223753093189037,0.016477189684253022,0.6608779942403774,Moderate
QN1103,Queens,17.280861469506167,0.6223753093189037,0.024458006462584298,0.6470198405893167,Moderate
QN1104,Queens,17.30218037302635,0.6223753093189037,0.01435694122118318,0.6601718228820298,Moderate
QN1191,Queens,17.299767231551858,0.6223753093189037,0.0,0.6689095637829041,High
QN1201,Queens,17.20519954841524,0.6223753093189037,0.04659726216175306,0.6093880101396755,Low
QN1202,Queens,17.13406541823927,0.6223753093189037,0.031119404811003216,0.5979522500136666,Low
QN1203,Queens,17.06179437552889,0.6223753093189037,0.012708128032224056,0.5881058531483333,Low
QN1204,Queens,17.02250331945124,0.6223753093189037,0.03302171752282094,0.5627468291920968,Very Low
QN1205,Queens,17.136500537369294,0.6223753093189037,0.022440378434296762,0.6044193555592279,Low
QN1206,Queens,17.24773914917625,0.6223753093189037,0.02215704407204959,0.6384581999481512,Moderate
QN1301,Queens,17.26117819176186,0.6223753093189037,0.011640581320374608,0.6494862604155949,Moderate
QN1302,Queens,17.27769363909687,0.6223753093189037,0.009800186791257048,0.6557264229502624,Moderate
QN1303,Queens,17.24630390130706,0.6223753093189037,0.030473881463016148,0.632534330221103,Moderate
QN1304,Queens,17.13555891590903,0.6223753093189037,0.04009749950359299,0.5924833806518163,Low
QN1305,Queens,17.039380002021034,0.6223753093189037,0.0,0.5896690417464572,Low
QN1306,Queens,16.953477277485504,0.6223753093189037,0.0,0.5635272960517336,Very Low
QN1307,Queens,16.94088342652308,0.6223753093189037,0.026552381994452753,0.5421766205447999,Very Low
QN1371,Queens,17.111116148329415,0.6223753093189037,0.0,0.6114996426273126,Low
QN1401,Queens,16.67498375363048,0.6223753093189037,0.030449843607773492,0.4586871822242558,Very Low
QN1402,Queens,16.662784191594927,0.6223753093189037,0.023865010846497888,0.45931903032716326,Very Low
QN1403,Queens,16.716133708354494,0.6223753093189037,0.009771455294948349,0.48485258135847115,Very Low
QN1491,Queens,16.69125656466271,0.6223753093189037,0.0,0.4837288120389534,Very Low
QN8081,Queens,17.37674716281569,0.6223753093189037,0.0,0.692335942836389,High
QN8191,Queens,17.35296368764719,0.6223753093189037,0.002433473996665174,0.6834926997986036,High
QN8291,Queens,17.29921283671695,0.6223753093189037,0.01231007684739055,0.6606191827972405,Moderate
QN8381,Queens,16.899716302002975,0.6223753093189037,0.0,0.5471668632835822,Very Low
QN8491,Queens,16.77574333756492,0.6223753093189037,0.0,0.5094396581584376,Very Low
QN8492,Queens,16.727503237268834,0.6223753093189037,0.0,0.4947593271090236,Very Low
SI0101,Staten Island,17.525597507694442,0.4534839428317311,0.03989080108504819,0.569584694433097,Very Low
SI0102,Staten Island,17.49749737550711,0.4534839428317311,0.04860982038854022,0.555280877689997,Very Low
SI0103,Staten Island,17.454748485213013,0.4534839428317311,0.017666755734042448,0.5626865475567349,Very Low
SI0104,Staten Island,17.649222976981445,0.4534839428317311,0.013647544012239424,0.6245203428788475,Low
SI0105,Staten Island,17.688625326521077,0.4534839428317311,0.007084423813709492,0.6408412566988274,Moderate
SI0106,Staten Island,17.68332927577431,0.4534839428317311,0.015703168669447053,0.6335432893541143,Moderate
SI0107,Staten Island,17.758129615203057,0.4534839428317311,0.006065219215830728,0.6626650912575842,High
SI0191,Staten Island,17.635423679434865,0.4534839428317311,0.0,0.6293250411777284,Moderate
SI0201,Staten Island,17.330750017723915,0.4534839428317311,0.016050460099027167,0.526017944972412,Very Low
SI0202,Staten Island,17.247444603659,0.4534839428317311,0.017222652558117096,0.49989324455225903,Very Low
SI0203,Staten Island,17.648156307431023,0.4534839428317311,0.008513664970028034,0.6275828526376738,Low
SI0204,Staten Island,17.729285167258748,0.4534839428317311,0.00019248748130813598,0.657761786724677,Moderate
SI0291,Staten Island,17.656581736330413,0.4534839428317311,0.00019704548544403444,0.6356338165401129,Moderate
SI0301,Staten Island,17.313747474235235,0.4534839428317311,0.00024017289955463985,0.5312747244472099,Very Low
SI0302,Staten Island,17.435745156683954,0.4534839428317311,0.014277085711156745,0.5591398536257497,Very Low
SI0303,Staten Island,17.656831493311028,0.4534839428317311,0.0,0.6358398243729827,Moderate
SI0304,Staten Island,17.513485551635082,0.4534839428317311,0.006009783916502801,0.5882520719369333,Low
SI0305,Staten Island,17.660895436525216,0.4534839428317311,0.008447275701130475,0.6315033998151157,Moderate
SI0391,Staten Island,17.675067004366184,0.4534839428317311,0.011914793376508942,0.6335283413838529,Moderate
SI9561,Staten Island,17.288437307450252,0.4534839428317311,0.0013615494476364525,0.5228325481295926,Very Low
SI9591,Staten Island,17.0730932257234,0.4534839428317311,0.0,0.45819775974623383,Very Low
SI9592,Staten Island,17.180023080102444,0.4534839428317311,0.0012363031023738286,0.48992277907268883,Very Low
SI9593,Staten Island,17.234163530738744,0.4534839428317311,0.0,0.5072143535207555,Very Low
