geoid,in_nyc,wbgt,svi,svi_heat,gi_count,indoor_count,gi_density,indoor_density,gi_s,indoor_s,adaptive_score,wbgt_s,svi_s,adaptive_vuln_s,chvi,chvi_class,area_sqmi,rpl_theme1,rpl_theme2,rpl_theme3,rpl_theme4
BK0101,True,17.519549694081917,0.6430684277944627,0.6072116058579701,11.0,4.0,8.681972408495808,3.157080875816657,0.012551585982722602,0.17962784940057466,0.09608971769164863,0.7821875036139339,0.47728843040913227,0.8246596324284452,0.6947118554838371,High,1.2669931995217896,0.6728321356847445,0.5367844247298194,0.6653956052602654,0.6972615455030213
BK0102,True,17.54954061152117,0.6430684277944627,0.6072116058579701,2.0,0.0,1.932457175947178,0.0,0.002793766354071225,0.0,0.0013968831770356125,0.809567832040798,0.47728843040913227,0.9974510278976787,0.761435763449203,Very High,1.034951783094348,0.6728321356847445,0.5367844247298194,0.6653956052602654,0.6972615455030213
BK0103,True,17.5219943910561,0.6430684277944627,0.6072116058579701,37.0,3.0,67.8219126263017,5.499073996727165,0.09805059585408339,0.3128798008607264,0.2054651983574049,0.7844193995268512,0.47728843040913227,0.6250759782773206,0.6289279360711014,Moderate,0.5455463959542067,0.6728321356847445,0.5367844247298194,0.6653956052602654,0.6972615455030213
BK0104,True,17.470059691526288,0.6430684277944627,0.6072116058579701,85.0,6.0,45.33726069606978,3.2002772256049257,0.06554438312784515,0.1820855841624105,0.12381498364512783,0.7370054071821012,0.47728843040913227,0.7740677643276123,0.6627872006396153,High,1.8748375771932893,0.6728321356847445,0.5367844247298194,0.6653956052602654,0.6972615455030213
BK0201,True,17.56369957969,0.6430684277944627,0.6072116058579701,0.0,2.0,0.0,5.585685174717777,0.0,0.3178077011105037,0.15890385055525186,0.8224943188491222,0.47728843040913227,0.7100391151704377,0.6699406214762308,High,0.35805813207169385,0.6728321356847445,0.5367844247298194,0.6653956052602654,0.6972615455030213
BK0202,True,17.548342655199505,0.6430684277944627,0.6072116058579701,24.0,3.0,28.193846714927947,3.5242308393659934,0.040760034077029536,0.20051751328756867,0.12063877368229911,0.8084741530096493,0.47728843040913227,0.7798635751151304,0.6885420528446374,High,0.8512495738047903,0.6728321356847445,0.5367844247298194,0.6653956052602654,0.6972615455030213
BK0203,True,17.51638521859123,0.6430684277944627,0.6072116058579701,29.0,3.0,46.10972863441722,4.769971927698333,0.06666114522876783,0.27139621466045827,0.16902867994461304,0.7792984830159707,0.47728843040913227,0.6915637637033144,0.6493835590428058,Moderate,0.6289345190020013,0.6728321356847445,0.5367844247298194,0.6653956052602654,0.6972615455030213
BK0204,True,17.48462698829688,0.6430684277944627,0.6072116058579701,50.0,2.0,95.69281237791274,3.8277124951165096,0.13834374333124713,0.21778465318650758,0.17806419825887737,0.7503046792259903,0.47728843040913227,0.6750761400482361,0.6342230832277862,Moderate,0.5225052828684624,0.6728321356847445,0.5367844247298194,0.6653956052602654,0.6972615455030213
BK0261,True,17.559028010479583,0.6430684277944627,0.6072116058579701,4.0,0.0,11.03344138365995,0.0,0.015951120516902364,0.0,0.007975560258451182,0.8182293909919104,0.47728843040913227,0.9854465420348772,0.7603214544786399,Very High,0.3625342140235437,0.6728321356847445,0.5367844247298194,0.6653956052602654,0.6972615455030213
BK0301,True,17.454375934118005,0.6430684277944627,0.6072116058579701,172.0,6.0,129.92465394489142,4.532255370170631,0.18783294723086097,0.2578708994483278,0.2228519233395944,0.7226868579187833,0.47728843040913227,0.5933494333099854,0.5977749072126336,Low,1.323844203371557,0.6728321356847445,0.5367844247298194,0.6653956052602654,0.6972615455030213
BK0302,True,17.408860684264734,0.6430684277944627,0.6072116058579701,383.0,3.0,258.59783369162244,2.025570498889993,0.37385662978495354,0.11524851178566657,0.24455257078531006,0.6811335279168733,0.47728843040913227,0.553751028911684,0.5707243290792299,Low,1.4810642244463927,0.6728321356847445,0.5367844247298194,0.6653956052602654,0.6972615455030213
BK0401,True,17.414361916489174,0.6430684277944627,0.6072116058579701,150.0,4.0,180.76018039668534,4.820271477244943,0.2613262101917379,0.274258098871308,0.26779215453152294,0.6861558999520967,0.47728843040913227,0.5113444400053972,0.5582629234555421,Low,0.8298287801595411,0.6728321356847445,0.5367844247298194,0.6653956052602654,0.6972615455030213
BK0402,True,17.37409223349843,0.6430684277944627,0.6072116058579701,284.0,4.0,283.43500588412553,3.9920423363961337,0.40976389689822246,0.22713449791411883,0.3184491974061706,0.6493915312672915,0.47728843040913227,0.4189076556011414,0.5151958724258551,Very Low,1.0019933815659505,0.6728321356847445,0.5367844247298194,0.6653956052602654,0.6972615455030213
BK0471,True,17.34796221153359,0.6430684277944627,0.6072116058579701,2.0,0.0,9.982542858135874,0.0,0.014431829440910893,0.0,0.0072159147204554465,0.6255360228572,0.47728843040913227,0.9868327104101835,0.6965523878921719,High,0.20034975340676645,0.6728321356847445,0.5367844247298194,0.6653956052602654,0.6972615455030213
BK0501,True,17.25891187129423,0.6430684277944627,0.6072116058579701,401.0,2.0,458.5610942504349,2.2870877518724932,0.6629448622968952,0.1301280107855904,0.3965364365412428,0.544237157385134,0.47728843040913227,0.27641743353046666,0.4326476737749109,Very Low,0.8744745357332933,0.6728321356847445,0.5367844247298194,0.6653956052602654,0.6972615455030213
BK0502,True,17.20212863801513,0.6430684277944627,0.6072116058579701,567.0,0.0,566.4192159836456,0.0,0.8188760752945999,0.0,0.40943803764729997,0.4923966766972658,0.47728843040913227,0.25287514893913354,0.40752008534851053,Very Low,1.0010253607221744,0.6728321356847445,0.5367844247298194,0.6653956052602654,0.6972615455030213
BK0503,True,17.130135875286566,0.6430684277944627,0.6072116058579701,242.0,3.0,145.2203379597969,1.8002521234685567,0.20994602062530912,0.10242861365844029,0.1561873171418747,0.426670595064118,0.47728843040913227,0.7149961280399153,0.5396517178377218,Very Low,1.6664332517047011,0.6728321356847445,0.5367844247298194,0.6653956052602654,0.6972615455030213
BK0504,True,17.047596085744157,0.6430684277944627,0.6072116058579701,6.0,3.0,6.1754494413222165,3.0877247206611083,0.008927888848029789,0.17568170500854632,0.09230479692828805,0.35131556297705435,0.47728843040913227,0.8315661923998929,0.5533900619286932,Very Low,0.9715892028605693,0.6728321356847445,0.5367844247298194,0.6653956052602654,0.6972615455030213
BK0505,True,17.118344003327156,0.6430684277944627,0.6072116058579701,258.0,3.0,228.1266010726939,2.652634896194115,0.3298041635686636,0.15092647936205,0.2403653214653568,0.4159051582391144,0.47728843040913227,0.5613917406601603,0.48486177643613565,Very Low,1.1309509666423636,0.6728321356847445,0.5367844247298194,0.6653956052602654,0.6972615455030213
BK0571,True,17.278061664232833,0.6430684277944627,0.6072116058579701,4.0,0.0,13.765478482899049,0.0,0.019900844951125568,0.0,0.009950422475562784,0.5617200376947279,0.47728843040913227,0.981842898738071,0.6736171222806436,High,0.29058198049339357,0.6728321356847445,0.5367844247298194,0.6653956052602654,0.6972615455030213
BK0601,True,17.548821166664528,0.6430684277944627,0.6072116058579701,47.0,2.0,21.546660160046322,0.9168791557466519,0.031150151706849386,0.0521675045351452,0.04165882812099729,0.8089110119718625,0.47728843040913227,0.9239827693242277,0.736727403901741,Very High,2.181312539896622,0.6728321356847445,0.5367844247298194,0.6653956052602654,0.6972615455030213
BK0602,True,17.454412555374258,0.6430684277944627,0.6072116058579701,35.0,0.0,37.77319600821159,0.0,0.054608963865786384,0.0,0.027304481932893192,0.7227202914416373,0.47728843040913227,0.950175960409961,0.7167282274202434,High,0.9265829661962223,0.6728321356847445,0.5367844247298194,0.6653956052602654,0.6972615455030213
BK0701,True,17.42001809684764,0.6430684277944627,0.6072116058579701,1.0,1.0,1.8206588686727259,1.8206588686727259,0.0026321387882999986,0.10358969248361995,0.053110915635959974,0.6913197325080735,0.47728843040913227,0.9030854945421447,0.6905645524864502,High,0.549251711677876,0.6728321356847445,0.5367844247298194,0.6653956052602654,0.6972615455030213
BK0702,True,17.48309492037403,0.6430684277944627,0.6072116058579701,5.0,0.0,2.766876618301156,0.0,0.00400009216157007,0.0,0.002000046080785035,0.7489059716677795,0.47728843040913227,0.9963504022762326,0.7408482681177148,Very High,1.807091782455398,0.6728321356847445,0.5367844247298194,0.6653956052602654,0.6972615455030213
BK0703,True,17.45244952402502,0.6430684277944627,0.6072116058579701,2.0,0.0,2.9730167572707336,0.0,0.004298110348800789,0.0,0.0021490551744003947,0.7209281340938927,0.47728843040913227,0.9960784969165991,0.7314316871398746,Very High,0.6727173653188638,0.6728321356847445,0.5367844247298194,0.6653956052602654,0.6972615455030213
BK0771,True,17.431836998377147,0.6430684277944627,0.6072116058579701,5.0,0.0,6.605755397949296,0.0,0.009549985067570557,0.0,0.004774992533785279,0.7021098460875624,0.47728843040913227,0.9912867998143977,0.7235616921036975,High,0.7569157043798821,0.6728321356847445,0.5367844247298194,0.6653956052602654,0.6972615455030213
BK0801,True,17.424198924001107,0.6430684277944627,0.6072116058579701,33.0,0.0,89.24192407423898,0.0,0.12901765066487697,0.0,0.06450882533243849,0.6951366354350914,0.47728843040913227,0.8822870811037666,0.6849040489826633,High,0.36978135940399276,0.6728321356847445,0.5367844247298194,0.6653956052602654,0.6972615455030213
BK0802,True,17.390907482616726,0.6430684277944627,0.6072116058579701,154.0,3.0,121.22296084880067,2.361486250301312,0.17525285091726653,0.134361048454587,0.15480694968592676,0.6647430804278337,0.47728843040913227,0.717514962967565,0.6198488246015103,Moderate,1.2703863931527095,0.6728321356847445,0.5367844247298194,0.6653956052602654,0.6972615455030213
BK0891,True,17.338614383412164,0.6430684277944627,0.6072116058579701,9.0,0.0,206.57174446323006,0.0,0.2986421621996895,0.0,0.14932108109984474,0.617001885661798,0.47728843040913227,0.7275253390768963,0.6072718850492755,Low,0.043568398104911234,0.6728321356847445,0.5367844247298194,0.6653956052602654,0.6972615455030213
BK0901,True,17.381472252145837,0.6430684277944627,0.6072116058579701,73.0,2.0,101.48301308055187,2.7803565227548455,0.14671467548317127,0.15819343323605006,0.15245405435961068,0.6561291489067541,0.47728843040913227,0.7218084247581131,0.6184086680246665,Moderate,0.7193322092442845,0.6728321356847445,0.5367844247298194,0.6653956052602654,0.6972615455030213
BK0902,True,17.350943916169474,0.6430684277944627,0.6072116058579701,226.0,3.0,262.09907089251243,3.4791912065377755,0.37891839198657884,0.19795490158994103,0.2884366467882599,0.6282581820698256,0.47728843040913227,0.4736732619898646,0.5264066248229408,Very Low,0.8622693671916267,0.6728321356847445,0.5367844247298194,0.6653956052602654,0.6972615455030213
BK1001,True,17.339661801191,0.6430684277944627,0.6072116058579701,0.0,3.0,0.0,1.356923285198628,0.0,0.07720461436032819,0.038602307180164094,0.6179581299261736,0.47728843040913227,0.9295601767527275,0.6749355790293444,High,2.2108840143905826,0.6728321356847445,0.5367844247298194,0.6653956052602654,0.6972615455030213
BK1002,True,17.325067833047076,0.6430684277944627,0.6072116058579701,20.0,2.0,19.147862528229986,1.9147862528229986,0.027682193814996262,0.10894524093159615,0.06831371737329621,0.604634508144973,0.47728843040913227,0.8753440784075265,0.6524223389872105,Moderate,1.044503007607961,0.6728321356847445,0.5367844247298194,0.6653956052602654,0.6972615455030213
BK1061,True,17.210452935495464,0.6430684277944627,0.6072116058579701,0.0,0.0,0.0,0.0,0.0,0.0,0.0,0.49999637748655174,0.47728843040913227,1.0,0.659094935965228,High,0.30363075205037043,0.6728321356847445,0.5367844247298194,0.6653956052602654,0.6972615455030213
BK1091,True,17.22035474947093,0.6430684277944627,0.6072116058579701,2.0,0.0,5.581795790223175,0.0,0.008069639766469095,0.0,0.004034819883234547,0.5090362782904889,0.47728843040913227,0.9926374349055576,0.6596540478683929,High,0.35830762628455715,0.6728321356847445,0.5367844247298194,0.6653956052602654,0.6972615455030213
BK1101,True,17.18590909750621,0.6430684277944627,0.6072116058579701,168.0,3.0,96.300562653056,1.7196529045188573,0.13922237199712717,0.09784277473546513,0.11853257336629615,0.47758898210217715,0.47728843040913227,0.783706878503453,0.5795280970049208,Low,1.7445380937726918,0.6728321356847445,0.5367844247298194,0.6653956052602654,0.6972615455030213
BK1102,True,17.14047969745424,0.6430684277944627,0.6072116058579701,29.0,0.0,39.32865437645515,0.0,0.056857700504531004,0.0,0.028428850252265502,0.4361140290208694,0.47728843040913227,0.9481242616523771,0.6205089070274595,Moderate,0.7373758512663836,0.6728321356847445,0.5367844247298194,0.6653956052602654,0.6972615455030213
BK1103,True,17.098347829184164,0.6430684277944627,0.6072116058579701,29.0,1.0,23.894508188773102,0.8239485582335552,0.034544451414378126,0.046880049436146536,0.04071225042526233,0.3976495708125254,0.47728843040913227,0.925710043429016,0.6002160148835579,Low,1.2136680014877113,0.6728321356847445,0.5367844247298194,0.6653956052602654,0.6972615455030213
BK1201,True,17.427818233762196,0.6430684277944627,0.6072116058579701,1.0,2.0,2.372801622453128,4.745603244906256,0.0034303752860375737,0.27000971420169717,0.13672004474386737,0.6984408988054227,0.47728843040913227,0.7505191660910392,0.6420828317685313,Moderate,0.4214427327330243,0.6728321356847445,0.5367844247298194,0.6653956052602654,0.6972615455030213
BK1202,True,17.303978906091668,0.6430684277944627,0.6072116058579701,5.0,1.0,3.443368793875222,0.6886737587750444,0.004978101455869138,0.03918334407425404,0.02208072276506159,0.5853812876531767,0.47728843040913227,0.9597080505710759,0.6741259228777948,High,1.4520663627124646,0.6728321356847445,0.5367844247298194,0.6653956052602654,0.6972615455030213
BK1203,True,17.304039929513724,0.6430684277944627,0.6072116058579701,0.0,0.0,0.0,0.0,0.0,0.0,0.0,0.5854369992312238,0.47728843040913227,1.0,0.687575143213452,High,0.6266940943202542,0.6728321356847445,0.5367844247298194,0.6653956052602654,0.6972615455030213
BK1204,True,17.18284477375398,0.6430684277944627,0.6072116058579701,2.0,1.0,1.7781612407203113,0.8890806203601557,0.0025706996813541494,0.0505858563847251,0.026578278033039623,0.4747913954357386,0.47728843040913227,0.9515011059280365,0.6345269772576357,Moderate,1.1247573921866751,0.6728321356847445,0.5367844247298194,0.6653956052602654,0.6972615455030213
BK1301,True,17.016025175533557,0.6430684277944627,0.6072116058579701,4.0,0.0,4.3162489091173715,0.0,0.00624003011718918,0.0,0.00312001505859459,0.32249277380922803,0.47728843040913227,0.9943067312471633,0.5980293118218412,Low,0.926730613600771,0.6728321356847445,0.5367844247298194,0.6653956052602654,0.6972615455030213
BK1302,True,16.980856533508597,0.6430684277944627,0.6072116058579701,1.0,2.0,0.5858151789659342,1.1716303579318683,0.0008469169496069474,0.06666203678842628,0.033754476869016614,0.29038542094412684,0.47728843040913227,0.9384062881692355,0.5686933798408315,Low,1.7070230268959132,0.6728321356847445,0.5367844247298194,0.6653956052602654,0.6972615455030213
BK1303,True,16.942601939153107,0.6430684277944627,0.6072116058579701,0.0,1.0,0.0,2.0552953178416886,0.0,0.116939759337484,0.058469879668742,0.2554607355152356,0.47728843040913227,0.8933066883817805,0.5420186181020495,Very Low,0.48654808451085374,0.6728321356847445,0.5367844247298194,0.6653956052602654,0.6972615455030213
BK1391,True,17.031950011243072,0.6430684277944627,0.6072116058579701,0.0,0.0,0.0,0.0,0.0,0.0,0.0,0.3370314164750809,0.47728843040913227,1.0,0.6047732822947377,Low,0.15145319504500335,0.6728321356847445,0.5367844247298194,0.6653956052602654,0.6972615455030213
BK1401,True,17.242521662293218,0.6430684277944627,0.6072116058579701,1.0,4.0,1.1604312826538232,4.641725130615293,0.0016776433206603608,0.2640993802559296,0.13288851178829497,0.5292736503053097,0.47728843040913227,0.7575107819780632,0.5880242875641684,Low,0.8617485713700096,0.6728321356847445,0.5367844247298194,0.6653956052602654,0.6972615455030213
BK1402,True,17.246366420576887,0.6430684277944627,0.6072116058579701,0.0,6.0,0.0,7.30289779318985,0.0,0.41551163134000013,0.20775581567000007,0.5327837378090351,0.47728843040913227,0.6208961587169692,0.5436561089783789,Very Low,0.82159167085635,0.6728321356847445,0.5367844247298194,0.6653956052602654,0.6972615455030213
BK1403,True,17.13474288078277,0.6430684277944627,0.6072116058579701,4.0,2.0,3.461165650929864,1.730582825464932,0.005003830491972152,0.09846465243543182,0.05173424146370199,0.43087657921935246,0.47728843040913227,0.9055975901251975,0.6045875332512275,Low,1.1556800232677031,0.6728321356847445,0.5367844247298194,0.6653956052602654,0.6972615455030213
BK1501,True,17.05906456098595,0.6430684277944627,0.6072116058579701,7.0,6.0,5.594880490824454,4.795611849278103,0.008088556406251826,0.27285504455849885,0.14047180048237534,0.36178575347094777,0.47728843040913227,0.7436731242248359,0.527582436034972,Very Low,1.251143793237394,0.6728321356847445,0.5367844247298194,0.6653956052602654,0.6972615455030213
BK1502,True,17.038288295268043,0.6430684277944627,0.6072116058579701,1.0,2.0,1.0182342084943552,2.0364684169887104,0.0014720680528724078,0.11586856862551863,0.05867031833919552,0.34281797831060806,0.47728843040913227,0.8929409365511252,0.5710157817569551,Low,0.9820923238069974,0.6728321356847445,0.5367844247298194,0.6653956052602654,0.6972615455030213
BK1503,True,16.933359413069834,0.6430684277944627,0.6072116058579701,0.0,4.0,0.0,1.7597066468572056,0.0,0.10012170513974915,0.050060852569874574,0.24702273423813353,0.47728843040913227,0.9086511179196636,0.5443207608556432,Very Low,2.273106149336826,0.6728321356847445,0.5367844247298194,0.6653956052602654,0.6972615455030213
BK1601,True,17.329997214549007,0.6430684277944627,0.6072116058579701,204.0,2.0,283.0902172445105,2.775394286710887,0.4092654336398321,0.1579110978053609,0.2835882657225965,0.6091348067682999,0.47728843040913227,0.48252037839943096,0.5229812051922877,Very Low,0.7206183314480319,0.6728321356847445,0.5367844247298194,0.6653956052602654,0.6972615455030213
BK1602,True,17.246574804175182,0.6430684277944627,0.6072116058579701,483.0,9.0,437.38308489435735,8.14999537070231,0.6323276715401503,0.46370878626452805,0.5480182289023392,0.5329739824513221,0.47728843040913227,0.0,0.33675413762015144,Very Low,1.104295105780464,0.6728321356847445,0.5367844247298194,0.6653956052602654,0.6972615455030213
BK1701,True,17.266413371148786,0.6430684277944627,0.6072116058579701,60.0,0.0,84.6041051228576,0.0,0.12231272457186153,0.0,0.061156362285930764,0.5510856817801555,0.47728843040913227,0.8884045109075573,0.6389262076989484,Moderate,0.7091854457046874,0.6728321356847445,0.5367844247298194,0.6653956052602654,0.6972615455030213
BK1702,True,17.173074689148006,0.6430684277944627,0.6072116058579701,2.0,1.0,2.3114598020280934,1.1557299010140467,0.003341693003121295,0.06575735141830696,0.03454952221071413,0.46587175748829374,0.47728843040913227,0.9369555237607413,0.6267052372193892,Moderate,0.8652540694175965,0.6728321356847445,0.5367844247298194,0.6653956052602654,0.6972615455030213
BK1703,True,17.219672522887503,0.6430684277944627,0.6072116058579701,675.0,1.0,691.703217461653,1.024745507350597,1.0,0.058304756485110174,0.5291523782425551,0.5084134367934405,0.47728843040913227,0.0344255896333443,0.34004248561197237,Very Low,0.9758520460220658,0.6728321356847445,0.5367844247298194,0.6653956052602654,0.6972615455030213
BK1704,True,17.226933829753204,0.6430684277944627,0.6072116058579701,304.0,1.0,460.8321283558567,1.515895159065318,0.6662281115981719,0.0862496078024003,0.3762388597002861,0.5150426760354154,0.47728843040913227,0.3134555752755178,0.4352622272400219,Very Low,0.6596762276202448,0.6728321356847445,0.5367844247298194,0.6653956052602654,0.6972615455030213
BK1771,True,17.20379581408237,0.6430684277944627,0.6072116058579701,11.0,0.0,71.70747028441434,0.0,0.10366797272905513,0.0,0.051833986364527566,0.4939187317780716,0.47728843040913227,0.9054155799372784,0.625540914041494,Moderate,0.15340103278459757,0.6728321356847445,0.5367844247298194,0.6653956052602654,0.6972615455030213
BK1801,True,17.105059456345238,0.6430684277944627,0.6072116058579701,28.0,2.0,14.3657656046256,1.0261261146161142,0.02076868408584787,0.05838330864253867,0.03957599636419327,0.40377697776234933,0.47728843040913227,0.9277834307748073,0.6029496129820963,Low,1.9490781605808982,0.6728321356847445,0.5367844247298194,0.6653956052602654,0.6972615455030213
BK1802,True,17.003642987593036,0.6430684277944627,0.6072116058579701,8.0,1.0,3.788377714811553,0.47354721435144415,0.005476883176449262,0.02694332867908536,0.01621010592776731,0.31118840564038774,0.47728843040913227,0.9704204986753168,0.5862991115749456,Low,2.1117218509448303,0.6728321356847445,0.5367844247298194,0.6653956052602654,0.6972615455030213
BK1803,True,17.0780222432503,0.6430684277944627,0.6072116058579701,632.0,3.0,249.79829162272637,1.1857513842850935,0.36113507255237653,0.06746547822528923,0.2143002753888329,0.3790932455695613,0.47728843040913227,0.608954111219861,0.48844526239951813,Very Low,2.5300413221180786,0.6728321356847445,0.5367844247298194,0.6653956052602654,0.6972615455030213
BK1891,True,16.897981222431895,0.6430684277944627,0.6072116058579701,4.0,1.0,2.5629657342615983,0.6407414335653996,0.003705296823205373,0.03645614739071952,0.020080722106962448,0.21472407312591457,0.47728843040913227,0.9633575654094876,0.5517900229815115,Very Low,1.5606919540625142,0.6728321356847445,0.5367844247298194,0.6653956052602654,0.6972615455030213
BK1892,True,16.952677357001857,0.6430684277944627,0.6072116058579701,0.0,0.0,0.0,0.0,0.0,0.0,0.0,0.26465912867194497,0.47728843040913227,1.0,0.580649186360359,Low,0.3798492040234612,0.6728321356847445,0.5367844247298194,0.6653956052602654,0.6972615455030213
BK1893,True,16.998652191907556,0.6430684277944627,0.6072116058579701,1.0,0.0,2.413276095676773,0.0,0.003488889504566402,0.0,0.001744444752283201,0.306632038691741,0.47728843040913227,0.996816812543303,0.5935790938813921,Low,0.41437446871140643,0.6728321356847445,0.5367844247298194,0.6653956052602654,0.6972615455030213
BK5591,True,17.374128865040678,0.6430684277944627,0.6072116058579701,4.0,2.0,4.080567672960606,2.040283836480303,0.005899304166800158,0.11608565384594666,0.060992479006373404,0.6494249741807854,0.47728843040913227,0.888703558039412,0.6718056542097766,High,0.9802557684572962,0.6728321356847445,0.5367844247298194,0.6653956052602654,0.6972615455030213
BK5691,True,16.839686166414932,0.6430684277944627,0.6072116058579701,0.0,0.0,0.0,0.0,0.0,0.0,0.0,0.1615033678027156,0.47728843040913227,1.0,0.5462639327372826,Very Low,1.9612500198598872,0.6728321356847445,0.5367844247298194,0.6653956052602654,0.6972615455030213
BK5692,True,16.824879334987212,0.6430684277944627,0.6072116058579701,0.0,0.0,0.0,0.0,0.0,0.0,0.0,0.14798541163237336,0.47728843040913227,1.0,0.5417579473471685,Very Low,1.425944403345687,0.6728321356847445,0.5367844247298194,0.6653956052602654,0.6972615455030213
BK5693,True,16.987335839805542,0.6430684277944627,0.6072116058579701,0.0,0.0,0.0,0.0,0.0,0.0,0.0,0.2963007296287631,0.47728843040913227,1.0,0.5911963866792984,Low,0.6558732090212828,0.6728321356847445,0.5367844247298194,0.6653956052602654,0.6972615455030213
BX0101,True,17.487154700135992,0.8506955090124146,0.7110371382918231,35.0,3.0,23.81330327242278,2.041140280493381,0.03442705291990774,0.11613438278329496,0.07528071785160136,0.7526123638929737,1.0,0.8626309967783627,0.8717477868904454,Very High,1.4697666929951747,0.8459292737715164,0.8586532451527576,0.8782253759664714,0.8199741411589132
BX0102,True,17.447476241399297,0.8506955090124146,0.7110371382918231,8.0,3.0,12.912821242147828,4.8423079658054355,0.01866815263565504,0.27551190490421096,0.147090028769933,0.7163877557634285,1.0,0.7315964670289362,0.8159947409307882,Very High,0.6195392819260724,0.8459292737715164,0.8586532451527576,0.8782253759664714,0.8199741411589132
BX0201,True,17.402857973294076,0.8506955090124146,0.7110371382918231,18.0,1.0,11.144661432401895,0.6191478573556608,0.01611191209041866,0.035227541660301086,0.025669726875359872,0.6756533288479024,1.0,0.9531589908482143,0.8762707732320388,Very High,1.6151230891291997,0.8459292737715164,0.8586532451527576,0.8782253759664714,0.8199741411589132
BX0202,True,17.420805953506658,0.8506955090124146,0.7110371382918231,29.0,1.0,52.50968789986877,1.8106788930989233,0.07591360944158082,0.10302186365062285,0.08946773654610184,0.6920390094065164,1.0,0.8367431376775505,0.8429273823613556,Very High,0.552279039542196,0.8459292737715164,0.8586532451527576,0.8782253759664714,0.8199741411589132
BX0291,True,17.470995303585074,0.8506955090124146,0.7110371382918231,0.0,0.0,0.0,0.0,0.0,0.0,0.0,0.737859577965692,1.0,1.0,0.9126198593218974,Very High,0.03338244439539661,0.8459292737715164,0.8586532451527576,0.8782253759664714,0.8199741411589132
BX0301,True,17.41571712326613,0.8506955090124146,0.7110371382918231,3.0,3.0,6.05557043727904,6.05557043727904,0.008754578964517758,0.3445426763927162,0.17664862767861697,0.6873931414174351,1.0,0.677659212117017,0.7883507845114841,Very High,0.495411626546614,0.8459292737715164,0.8586532451527576,0.8782253759664714,0.8199741411589132
BX0302,True,17.411670504825114,0.8506955090124146,0.7110371382918231,13.0,1.0,36.24794111479416,2.7883031626764736,0.052403892594013686,0.15864557174476457,0.10552473216938912,0.6836987648730145,1.0,0.8074430254249911,0.8303805967660018,Very High,0.3586410593316211,0.8459292737715164,0.8586532451527576,0.8782253759664714,0.8199741411589132
BX0303,True,17.40063340163294,0.8506955090124146,0.7110371382918231,11.0,0.0,19.19187838612954,0.0,0.02774582783720174,0.0,0.01387291391860087,0.6736223972228753,1.0,0.9746853057308188,0.8827692343178981,Very High,0.5731591133856903,0.8459292737715164,0.8586532451527576,0.8782253759664714,0.8199741411589132
BX0391,True,17.40329061819061,0.8506955090124146,0.7110371382918231,1.0,0.0,4.397404909642784,0.0,0.0063573578937220565,0.0,0.0031786789468610283,0.6760483137423562,1.0,0.9941996839170335,0.8900826658864632,Very High,0.2274068503009957,0.8459292737715164,0.8586532451527576,0.8782253759664714,0.8199741411589132
BX0401,True,17.462977009898964,0.8506955090124146,0.7110371382918231,5.0,1.0,5.259484075013159,1.0518968150026318,0.007603671549069723,0.05984957943827154,0.03372662549367063,0.7305392445683084,1.0,0.9384571101563102,0.8896654515748729,Very High,0.9506635876613982,0.8459292737715164,0.8586532451527576,0.8782253759664714,0.8199741411589132
BX0402,True,17.455516363454,0.8506955090124146,0.7110371382918231,0.0,2.0,0.0,4.27317443626183,0.0,0.24313001924623542,0.12156500962311771,0.7237280174575133,1.0,0.7781734197663314,0.8339671457412815,Very High,0.4680361239242081,0.8459292737715164,0.8586532451527576,0.8782253759664714,0.8199741411589132
BX0403,True,17.418069482375845,0.8506955090124146,0.7110371382918231,2.0,0.0,4.097520854414339,0.0,0.0059238134954049115,0.0,0.0029619067477024558,0.6895407371064424,1.0,0.994595240465568,0.8947119925240035,Very High,0.4881000173178768,0.8459292737715164,0.8586532451527576,0.8782253759664714,0.8199741411589132
BX0491,True,17.485324416599344,0.8506955090124146,0.7110371382918231,0.0,0.0,0.0,0.0,0.0,0.0,0.0,0.7509413991934369,1.0,1.0,0.9169804663978124,Very High,0.10083263772876075,0.8459292737715164,0.8586532451527576,0.8782253759664714,0.8199741411589132
BX0492,True,17.41654481295952,0.8506955090124146,0.7110371382918231,0.0,0.0,0.0,0.0,0.0,0.0,0.0,0.6881487840444536,1.0,1.0,0.8960495946814845,Very High,0.06679427053967969,0.8459292737715164,0.8586532451527576,0.8782253759664714,0.8199741411589132
BX0501,True,17.424907561800314,0.8506955090124146,0.7110371382918231,4.0,2.0,5.677145089806589,2.8385725449032946,0.008207486891039829,0.16150573953117378,0.08485661321110681,0.6957835891575732,1.0,0.8451573164252737,0.846980301860949,Very High,0.7045794914035345,0.8459292737715164,0.8586532451527576,0.8782253759664714,0.8199741411589132
BX0502,True,17.403750736502953,0.8506955090124146,0.7110371382918231,0.0,1.0,0.0,2.198305800187278,0.0,0.12507660042453156,0.06253830021226578,0.6764683806020211,1.0,0.8858828102533601,0.8541170636184604,Very High,0.4548957656004037,0.8459292737715164,0.8586532451527576,0.8782253759664714,0.8199741411589132
BX0503,True,17.390529084768108,0.8506955090124146,0.7110371382918231,0.0,0.0,0.0,0.0,0.0,0.0,0.0,0.6643976205934637,1.0,1.0,0.8881325401978213,Very High,0.26468663229810757,0.8459292737715164,0.8586532451527576,0.8782253759664714,0.8199741411589132
BX0601,True,17.396148535960197,0.8506955090124146,0.7110371382918231,22.0,1.0,52.415335470221265,2.3825152486464214,0.07577720349859018,0.13555753150217542,0.1056673675003828,0.6695279211096046,1.0,0.8071827506321628,0.8255702239139224,Very High,0.41972449098411024,0.8459292737715164,0.8586532451527576,0.8782253759664714,0.8199741411589132
BX0602,True,17.402796522651155,0.8506955090124146,0.7110371382918231,33.0,3.0,58.11933551906836,5.283575956278942,0.08402351478477893,0.30061864852463394,0.19232108165470643,0.6755972272368522,1.0,0.6490607948572831,0.7748860073647118,Very High,0.5677972692783633,0.8459292737715164,0.8586532451527576,0.8782253759664714,0.8199741411589132
BX0603,True,17.39232416509009,0.8506955090124146,0.7110371382918231,27.0,1.0,45.91428304591283,1.7005290017004753,0.06637858822517079,0.0967546855573496,0.0815666368912602,0.666036446376905,1.0,0.8511607231485069,0.8390657231751373,Very High,0.5880523054884872,0.8459292737715164,0.8586532451527576,0.8782253759664714,0.8199741411589132
BX0701,True,17.438732965950724,0.8506955090124146,0.7110371382918231,1.0,1.0,1.5222971337916456,1.5222971337916456,0.0022007952187616353,0.08661385977985704,0.04440732749930934,0.7084055473567212,1.0,0.9189674263422667,0.875790991232996,Very High,0.6569019791223416,0.8459292737715164,0.8586532451527576,0.8782253759664714,0.8199741411589132
BX0702,True,17.398571671679147,0.8506955090124146,0.7110371382918231,1.0,0.0,1.1354056798725634,0.0,0.001641463638175875,0.0,0.0008207318190879374,0.6717401325880323,1.0,0.9985023640167375,0.89008083220159,Very High,0.880742467407983,0.8459292737715164,0.8586532451527576,0.8782253759664714,0.8199741411589132
BX0703,True,17.386577616149697,0.8506955090124146,0.7110371382918231,4.0,1.0,7.093230893171109,1.7733077232927772,0.010254731674085854,0.10089556308186556,0.05557514737797571,0.6607901114614183,1.0,0.8985888708678711,0.8531263274430966,Very High,0.5639179183989251,0.8459292737715164,0.8586532451527576,0.8782253759664714,0.8199741411589132
BX0801,True,17.437920332373565,0.8506955090124146,0.7110371382918231,1.0,2.0,2.5413239126004656,5.082647825200931,0.003674009095875505,0.2891864776397865,0.146430243367831,0.7076636502714331,1.0,0.7328004149403469,0.81348802173726,Very High,0.3934956874414045,0.8459292737715164,0.8586532451527576,0.8782253759664714,0.8199741411589132
BX0802,True,17.482223080238224,0.8506955090124146,0.7110371382918231,1.0,2.0,2.2642213391184858,4.5284426782369716,0.003273400039149031,0.2576539694172614,0.13046368472820521,0.7481100217171852,1.0,0.7619355016903009,0.8366818411358287,Very High,0.4416529350391704,0.8459292737715164,0.8586532451527576,0.8782253759664714,0.8199741411589132
BX0803,True,17.489781497452245,0.8506955090124146,0.7110371382918231,7.0,3.0,3.0984300987929263,1.327898613768397,0.004479421261279154,0.07555320297314855,0.04001631211721385,0.7550105090439347,1.0,0.926979961602071,0.8939968235486685,Very High,2.259208623982523,0.8459292737715164,0.8586532451527576,0.8782253759664714,0.8199741411589132
BX0901,True,17.391679280063737,0.8506955090124146,0.7110371382918231,35.0,1.0,30.29508753307866,0.8655739295165331,0.043797812079366505,0.04924840052317012,0.04652310630126831,0.6654476960042329,1.0,0.9151066445463822,0.8601847801835384,Very High,1.155302818048772,0.8459292737715164,0.8586532451527576,0.8782253759664714,0.8199741411589132
BX0902,True,17.372481350982287,0.8506955090124146,0.7110371382918231,9.0,4.0,8.274256529340636,3.6774473463736164,0.0119621483903237,0.2092350446809728,0.11059859653564824,0.6479208696098604,1.0,0.7981844568251438,0.8153684421450014,Very High,1.0877110188795653,0.8459292737715164,0.8586532451527576,0.8782253759664714,0.8199741411589132
BX0903,True,17.375019653134206,0.8506955090124146,0.7110371382918231,21.0,2.0,17.795949991674245,1.6948523801594517,0.025727724755972854,0.09643170386654598,0.061079714311259414,0.6502382227454199,1.0,0.8885443748219838,0.8462608658558012,Very High,1.1800437745568377,0.8459292737715164,0.8586532451527576,0.8782253759664714,0.8199741411589132
BX0904,True,17.386814507475478,0.8506955090124146,0.7110371382918231,6.0,1.0,18.212575170987975,3.0354291951646624,0.026330042583613763,0.1727062561215204,0.09951814935256709,0.6610063823479119,1.0,0.818403578377496,0.8264699869084694,Very High,0.32944270338868936,0.8459292737715164,0.8586532451527576,0.8782253759664714,0.8199741411589132
BX0991,True,17.380525235687653,0.8506955090124146,0.7110371382918231,10.0,0.0,35.767210983088845,0.0,0.05170889780496319,0.0,0.025854448902481595,0.6552645664309679,1.0,0.9528219180696469,0.869362161500205,Very High,0.2795856798766926,0.8459292737715164,0.8586532451527576,0.8782253759664714,0.8199741411589132
BX1001,True,17.401995056985875,0.8506955090124146,0.7110371382918231,33.0,2.0,59.80907652248602,3.6247925165143045,0.08646638473356782,0.20623915251975763,0.14635276862666274,0.6748655259415296,1.0,0.7329417875025762,0.802602437814702,Very High,0.5517557186757968,0.8459292737715164,0.8586532451527576,0.8782253759664714,0.8199741411589132
BX1002,True,17.336195704783787,0.8506955090124146,0.7110371382918231,19.0,2.0,7.967978732279362,0.8387346033978276,0.011519360516377957,0.047721328325877534,0.029620344421127744,0.614793743302094,1.0,0.9459500745432206,0.8535812726151049,Very High,2.3845445172975204,0.8459292737715164,0.8586532451527576,0.8782253759664714,0.8199741411589132
BX1003,True,17.306372802297293,0.8506955090124146,0.7110371382918231,0.0,3.0,0.0,2.3686180590892545,0.0,0.13476682566629142,0.06738341283314571,0.5875668048005797,1.0,0.8770416579606991,0.8215361542537596,Very High,1.2665613134578206,0.8459292737715164,0.8586532451527576,0.8782253759664714,0.8199741411589132
BX1004,True,17.376953033335266,0.8506955090124146,0.7110371382918231,10.0,3.0,9.594871239667375,2.8784613719002126,0.013871369971181753,0.1637752867776359,0.08882332837440882,0.6520033099584477,1.0,0.8379190258829186,0.8299741119471221,Very High,1.0422234702491608,0.8459292737715164,0.8586532451527576,0.8782253759664714,0.8199741411589132
BX1071,True,17.1853219683583,0.8506955090124146,0.7110371382918231,0.0,0.0,0.0,0.0,0.0,0.0,0.0,0.4770529601904964,1.0,1.0,0.8256843200634988,Very High,0.17594824605026843,0.8459292737715164,0.8586532451527576,0.8782253759664714,0.8199741411589132
BX1091,True,17.35235021622742,0.8506955090124146,0.7110371382918231,7.0,0.0,8.974197761253716,0.0,0.012974058143297898,0.0,0.006487029071648949,0.6295420693510773,1.0,0.988162749467947,0.8725682729396746,Very High,0.7800140119735989,0.8459292737715164,0.8586532451527576,0.8782253759664714,0.8199741411589132
BX1101,True,17.392557987856772,0.8506955090124146,0.7110371382918231,63.0,1.0,112.66997182818574,1.7884122512410434,0.16288773708708676,0.10175496262792759,0.13232134985750718,0.666249915810055,1.0,0.7585457145786152,0.8082652101295568,Very High,0.5591551943943932,0.8459292737715164,0.8586532451527576,0.8782253759664714,0.8199741411589132
BX1102,True,17.396106132791065,0.8506955090124146,0.7110371382918231,96.0,2.0,96.155710574335,2.003243970298646,0.13901295837136354,0.11397820339852187,0.1264955808849427,0.6694892089661852,1.0,0.7691763262358831,0.8128885117340228,Very High,0.9983806414262351,0.8459292737715164,0.8586532451527576,0.8782253759664714,0.8199741411589132
BX1103,True,17.387764471608424,0.8506955090124146,0.7110371382918231,58.0,1.0,53.78323947400514,0.9272972323104335,0.0777547915294854,0.0527602599195186,0.065257525724502,0.6618736559152008,1.0,0.8809208849581327,0.8475981802911111,Very High,1.0784028735947178,0.8459292737715164,0.8586532451527576,0.8782253759664714,0.8199741411589132
BX1104,True,17.391595669724282,0.8506955090124146,0.7110371382918231,75.0,4.0,132.7198327543457,7.078391080231771,0.19187395606079205,0.4027379142225316,0.2973059351416618,0.6653713636093067,1.0,0.45748896758935387,0.7076201103995535,High,0.5651001696093099,0.8459292737715164,0.8586532451527576,0.8782253759664714,0.8199741411589132
BX1161,True,17.400918138523213,0.8506955090124146,0.7110371382918231,0.0,0.0,0.0,0.0,0.0,0.0,0.0,0.6738823489094712,1.0,1.0,0.891294116303157,Very High,0.4369466658800846,0.8459292737715164,0.8586532451527576,0.8782253759664714,0.8199741411589132
BX1201,True,17.379933456864325,0.8506955090124146,0.7110371382918231,89.0,1.0,68.46084657014254,0.7692229951701409,0.09897430695981677,0.04376633914902131,0.07137032305441904,0.6547242995794589,1.0,0.8697665163486054,0.8414969386426882,Very High,1.3000131382952411,0.8459292737715164,0.8586532451527576,0.8782253759664714,0.8199741411589132
BX1202,True,17.36918901130365,0.8506955090124146,0.7110371382918231,156.0,2.0,77.11602360332263,0.9886669692733671,0.11148715468798268,0.05625200254587091,0.08386957861692679,0.6449151148884026,1.0,0.846958414531366,0.8306245098065895,Very High,2.022925881168989,0.8459292737715164,0.8586532451527576,0.8782253759664714,0.8199741411589132
BX1203,True,17.358847310101094,0.8506955090124146,0.7110371382918231,88.0,3.0,61.8788426446656,2.1095059992499636,0.08945865955596205,0.12002417449786194,0.104741417026912,0.6354736172752663,1.0,0.8088723850724724,0.8147820007825795,Very High,1.4221339029453588,0.8459292737715164,0.8586532451527576,0.8782253759664714,0.8199741411589132
BX1271,True,17.366236585965055,0.8506955090124146,0.7110371382918231,0.0,0.0,0.0,0.0,0.0,0.0,0.0,0.6422196863277303,1.0,1.0,0.8807398954425768,Very High,0.6415821164724417,0.8459292737715164,0.8586532451527576,0.8782253759664714,0.8199741411589132
BX2691,True,17.408643063542794,0.8506955090124146,0.7110371382918231,7.0,0.0,3.852229831828178,0.0,0.005569194612054467,0.0,0.0027845973060272337,0.6809348502054864,1.0,0.9949187870782972,0.8919512124279279,Very High,1.817129378461296,0.8459292737715164,0.8586532451527576,0.8782253759664714,0.8199741411589132
BX2791,True,17.396495943100437,0.8506955090124146,0.7110371382918231,12.0,0.0,9.997932468555105,0.0,0.014454078304340654,0.0,0.007227039152170327,0.6698450878523979,1.0,0.9868124110275568,0.8855524996266516,Very High,1.2002481550802306,0.8459292737715164,0.8586532451527576,0.8782253759664714,0.8199741411589132
BX2891,True,17.296853682709223,0.8506955090124146,0.7110371382918231,1.0,0.0,0.28080079925897083,0.0,0.0004059556066392564,0.0,0.0002029778033196282,0.5788762863733299,1.0,0.9996296148693334,0.8595019670808878,Very High,3.5612434246589943,0.8459292737715164,0.8586532451527576,0.8782253759664714,0.8199741411589132
MN0101,True,17.596109816534803,0.5665199138619197,0.5854283649410579,0.0,3.0,0.0,4.349940780754416,0.0,0.24749777981682258,0.12374888990841129,0.8520833746357823,0.28457371500297857,0.7741883693243637,0.6369484863210415,Moderate,0.6896645612448329,0.47090018650857784,0.36863346271149683,0.5921871639081627,0.8343588423194415
MN0102,True,17.60619886554188,0.5665199138619197,0.5854283649410579,5.0,2.0,10.265826319903944,4.106330527961577,0.014841374249459907,0.23363713211016904,0.12423925317981448,0.8612942124131879,0.28457371500297857,0.7732935756011963,0.6397205010057876,Moderate,0.48705285324238606,0.47090018650857784,0.36863346271149683,0.5921871639081627,0.8343588423194415
MN0191,True,17.5712241300689,0.5665199138619197,0.5854283649410579,1.0,0.0,2.3245143937898654,0.0,0.0033605661143519734,0.0,0.0016802830571759867,0.8293638873128435,0.28457371500297857,0.9969338920339538,0.7036238314499252,High,0.43019737914791306,0.47090018650857784,0.36863346271149683,0.5921871639081627,0.8343588423194415
MN0201,True,17.587154776070474,0.5665199138619197,0.5854283649410579,1.0,3.0,2.1583119039218683,6.474935711765606,0.003120286055401386,0.3684032252137272,0.1857617556345643,0.8439078345081478,0.28457371500297857,0.6610299697390754,0.5965038397500672,Low,0.46332506352900155,0.47090018650857784,0.36863346271149683,0.5921871639081627,0.8343588423194415
MN0202,True,17.571007744830297,0.5665199138619197,0.5854283649410579,3.0,1.0,7.88977343230545,2.62992447743515,0.011406298587504903,0.14963432884670913,0.08052031371710702,0.8291663375409285,0.28457371500297857,0.8530700084951803,0.6556033536796958,Moderate,0.3802390557523751,0.47090018650857784,0.36863346271149683,0.5921871639081627,0.8343588423194415
MN0203,True,17.60722258369909,0.5665199138619197,0.5854283649410579,1.0,5.0,1.9337353942382778,9.668676971191388,0.0027956142828632733,0.5501169337116567,0.27645627399725997,0.8622288200128965,0.28457371500297857,0.4955345289316526,0.5474456879825093,Very Low,0.5171338348460609,0.47090018650857784,0.36863346271149683,0.5921871639081627,0.8343588423194415
MN0301,True,17.585107047259395,0.5665199138619197,0.5854283649410579,9.0,4.0,21.739396129925222,9.66195383552232,0.03142879139655068,0.5497344086991638,0.2905816000478572,0.842038352272733,0.28457371500297857,0.4697592439034707,0.5321237703930608,Very Low,0.41399494016354527,0.47090018650857784,0.36863346271149683,0.5921871639081627,0.8343588423194415
MN0302,True,17.57366706243756,0.5665199138619197,0.5854283649410579,14.0,5.0,23.693277739131684,8.461884906832745,0.034253531198075136,0.48145430778562653,0.2578539194918508,0.8315941722220691,0.28457371500297857,0.5294793021605815,0.548549063128543,Very Low,0.5908848979927196,0.47090018650857784,0.36863346271149683,0.5921871639081627,0.8343588423194415
MN0303,True,17.579149621817702,0.5665199138619197,0.5854283649410579,27.0,5.0,39.648780369732705,7.342366735135687,0.05732050880901211,0.417757288464008,0.23753889863651007,0.836599496809158,0.28457371500297857,0.5665492749898267,0.562574162267321,Low,0.6809793327365853,0.47090018650857784,0.36863346271149683,0.5921871639081627,0.8343588423194415
MN0401,True,17.589236764895208,0.5665199138619197,0.5854283649410579,10.0,1.0,9.395602443660964,0.9395602443660964,0.01358328573075033,0.05345798625893721,0.03352063599484377,0.8458085945605123,0.28457371500297857,0.9388329908988896,0.6897384334874602,High,1.0643277064949477,0.47090018650857784,0.36863346271149683,0.5921871639081627,0.8343588423194415
MN0402,True,17.5663949256752,0.5665199138619197,0.5854283649410579,6.0,3.0,9.099528226051126,4.549764113025563,0.013155249240337081,0.25886709116733964,0.13601117020383835,0.8249550457824797,0.28457371500297857,0.7518126897416098,0.6204471501756893,Moderate,0.6593748435026052,0.47090018650857784,0.36863346271149683,0.5921871639081627,0.8343588423194415
MN0501,True,17.55450586744288,0.5665199138619197,0.5854283649410579,4.0,1.0,7.4946861304554995,1.8736715326138749,0.0108351182143677,0.10660594426471529,0.05872053123954149,0.8141008823596234,0.28457371500297857,0.8928493102188286,0.6638413025271436,High,0.5337114764213474,0.47090018650857784,0.36863346271149683,0.5921871639081627,0.8343588423194415
MN0502,True,17.505587541441447,0.5665199138619197,0.5854283649410579,7.0,6.0,7.9482117136099495,6.812752897379957,0.011490783204359731,0.38762394743446027,0.19955736531941,0.7694407003320265,0.28457371500297857,0.6358563368975586,0.5632902507441879,Low,0.8807012510768555,0.47090018650857784,0.36863346271149683,0.5921871639081627,0.8343588423194415
MN0601,True,17.58220675968329,0.5665199138619197,0.5854283649410579,1.0,0.0,5.000105506655796,0.0,0.0072286862059203795,0.0,0.0036143431029601897,0.839390523091551,0.28457371500297857,0.9934047027774978,0.7057896469573425,High,0.19999577982281952,0.47090018650857784,0.36863346271149683,0.5921871639081627,0.8343588423194415
MN0602,True,17.565648025334106,0.5665199138619197,0.5854283649410579,0.0,4.0,0.0,14.817114890473638,0.0,0.8430466582230115,0.42152332911150575,0.8242731601188367,0.28457371500297857,0.2308224309329968,0.446556435351604,Very Low,0.2699580876282277,0.47090018650857784,0.36863346271149683,0.5921871639081627,0.8343588423194415
MN0603,True,17.557224819872747,0.5665199138619197,0.5854283649410579,5.0,2.0,8.838415934885948,3.5353663739543792,0.01277775744244812,0.2011510897490903,0.10696442359576921,0.8165831608913672,0.28457371500297857,0.8048159386777788,0.6353242715240416,Moderate,0.5657122313360013,0.47090018650857784,0.36863346271149683,0.5921871639081627,0.8343588423194415
MN0604,True,17.502904132522346,0.5665199138619197,0.5854283649410579,1.0,3.0,2.121951475868807,6.365854427606421,0.003067719539683137,0.3621968474698251,0.18263228350475413,0.766990871391069,0.28457371500297857,0.6667404953470981,0.5727683605803818,Low,0.4712643108818321,0.47090018650857784,0.36863346271149683,0.5921871639081627,0.8343588423194415
MN0661,True,17.53494045201668,0.5665199138619197,0.5854283649410579,0.0,0.0,0.0,0.0,0.0,0.0,0.0,0.7962385578321236,0.28457371500297857,1.0,0.693604090945034,High,0.039143205499019736,0.47090018650857784,0.36863346271149683,0.5921871639081627,0.8343588423194415
MN0701,True,17.525333291733308,0.5665199138619197,0.5854283649410579,3.0,3.0,5.294242430613929,5.294242430613929,0.007653921937853981,0.30122553695126775,0.15443972944456086,0.787467662298798,0.28457371500297857,0.7181850506069879,0.5967421426362548,Low,0.5666533105194647,0.47090018650857784,0.36863346271149683,0.5921871639081627,0.8343588423194415
MN0702,True,17.484268300309015,0.5665199138619197,0.5854283649410579,6.0,4.0,6.582683848465273,4.388455898976849,0.009516630373098137,0.24968916740803054,0.12960289889056434,0.7499772135880872,0.28457371500297857,0.763506226517037,0.5993523850360343,Low,0.9114823281994434,0.47090018650857784,0.36863346271149683,0.5921871639081627,0.8343588423194415
MN0703,True,17.489982663006497,0.5665199138619197,0.5854283649410579,4.0,2.0,8.44771182901795,4.223855914508975,0.012212913885262184,0.2403239523931684,0.1262684331392153,0.7551941639439471,0.28457371500297857,0.7695908156337674,0.6031195648602311,Low,0.4735010001477527,0.47090018650857784,0.36863346271149683,0.5921871639081627,0.8343588423194415
MN0801,True,17.494669660456704,0.5665199138619197,0.5854283649410579,2.0,7.0,2.5932258378048614,9.076290432317014,0.0037490440586950514,0.5164120258624626,0.2600805349605788,0.7594731770745887,0.28457371500297857,0.5254162704012406,0.523154387492936,Very Low,0.7712401946808378,0.47090018650857784,0.36863346271149683,0.5921871639081627,0.8343588423194415
MN0802,True,17.451800286486396,0.5665199138619197,0.5854283649410579,0.0,2.0,0.0,2.7787584224536355,0.0,0.1581025064174083,0.07905125320870415,0.720335410077677,0.28457371500297857,0.8557506866750747,0.62021993725191,Moderate,0.719745906603139,0.47090018650857784,0.36863346271149683,0.5921871639081627,0.8343588423194415
MN0803,True,17.49155053754014,0.5665199138619197,0.5854283649410579,1.0,1.0,2.0431268815075105,2.0431268815075105,0.002953762292743388,0.11624741405548016,0.05960058817411177,0.7566255612911665,0.28457371500297857,0.8912434203265654,0.6441475655402368,Moderate,0.48944586312826305,0.47090018650857784,0.36863346271149683,0.5921871639081627,0.8343588423194415
MN0901,True,17.515556704669045,0.5665199138619197,0.5854283649410579,3.0,4.0,5.252542779740502,7.003390372987337,0.007593636471745479,0.3984706127894142,0.20303212463057985,0.7785420879059659,0.28457371500297857,0.6295157461509157,0.5642105163532868,Low,0.5711519402700063,0.47090018650857784,0.36863346271149683,0.5921871639081627,0.8343588423194415
MN0902,True,17.495180138586363,0.5665199138619197,0.5854283649410579,2.0,0.0,5.194020678052943,0.0,0.007509030675198343,0.0,0.0037545153375991716,0.7599392201315608,0.28457371500297857,0.993148922536538,0.6792206192236924,High,0.385058151279777,0.47090018650857784,0.36863346271149683,0.5921871639081627,0.8343588423194415
MN0903,True,17.472288310956113,0.5665199138619197,0.5854283649410579,2.0,0.0,3.488378608412281,0.0,0.005043172447879602,0.0,0.002521586223939801,0.7390400342337979,0.28457371500297857,0.9953987183437485,0.673004155860175,High,0.5733322624949505,0.47090018650857784,0.36863346271149683,0.5921871639081627,0.8343588423194415
MN1001,True,17.503544655206646,0.5665199138619197,0.5854283649410579,13.0,5.0,25.12198016105389,9.662300061943805,0.03631901591154101,0.5497541078801298,0.2930365618958354,0.7675756391460573,0.28457371500297857,0.46527953553155144,0.5058096298935291,Very Low,0.5174751320022791,0.47090018650857784,0.36863346271149683,0.5921871639081627,0.8343588423194415
MN1002,True,17.488319738415004,0.5665199138619197,0.5854283649410579,11.0,15.0,12.8888290428875,17.57567596757386,0.018633466951600577,1.0,0.5093167334758003,0.7536759902649857,0.28457371500297857,0.07062081767618678,0.36962350764805035,Very Low,0.853452238632196,0.47090018650857784,0.36863346271149683,0.5921871639081627,0.8343588423194415
MN1101,True,17.495228669950386,0.5665199138619197,0.5854283649410579,17.0,6.0,28.457699404161147,10.043893907350993,0.0411414876868616,0.5714655826541987,0.3063035351705301,0.759983527035097,0.28457371500297857,0.44107053558410814,0.4952092592073945,Very Low,0.5973778750897278,0.47090018650857784,0.36863346271149683,0.5921871639081627,0.8343588423194415
MN1102,True,17.527328320167324,0.5665199138619197,0.5854283649410579,15.0,0.0,16.01021996725224,0.0,0.02314608283304656,0.0,0.01157304141652328,0.7892890315134931,0.28457371500297857,0.9788820137612874,0.6842482534259197,High,0.9369015560486631,0.47090018650857784,0.36863346271149683,0.5921871639081627,0.8343588423194415
MN1191,True,17.506130928941005,0.5665199138619197,0.5854283649410579,8.0,0.0,9.504043267535524,0.0,0.013740059360158194,0.0,0.006870029680079097,0.7699367881303105,0.28457371500297857,0.987463866496121,0.6806581232098033,High,0.8417470096466075,0.47090018650857784,0.36863346271149683,0.5921871639081627,0.8343588423194415
MN1201,True,17.444393185364458,0.5665199138619197,0.5854283649410579,1.0,3.0,1.3257952881491963,3.977385864447589,0.0019167111771063814,0.2263005913277898,0.11410865125244808,0.7135730673844116,0.28457371500297857,0.7917794605464062,0.5966420809779321,Low,0.7542642585462761,0.47090018650857784,0.36863346271149683,0.5921871639081627,0.8343588423194415
MN1202,True,17.472780395405803,0.5665199138619197,0.5854283649410579,0.0,3.0,0.0,3.3760176997244895,0.0,0.19208465756611884,0.09604232878305942,0.73948928470683,0.28457371500297857,0.8247461056625274,0.6162697017907787,Moderate,0.88862093354689,0.47090018650857784,0.36863346271149683,0.5921871639081627,0.8343588423194415
MN1203,True,17.508874026733068,0.5665199138619197,0.5854283649410579,1.0,2.0,1.9310413725580224,3.862082745116045,0.002791719517576303,0.21974021097347102,0.11126596524552367,0.7724411102673648,0.28457371500297857,0.7969666712211647,0.617993832163836,Moderate,0.5178552951847503,0.47090018650857784,0.36863346271149683,0.5921871639081627,0.8343588423194415
MN1291,True,17.41394520386738,0.5665199138619197,0.5854283649410579,3.0,0.0,10.789589832047934,0.0,0.015598582686433857,0.0,0.007799291343216929,0.6857754604918035,0.28457371500297857,0.9857681899398882,0.6520391218115568,Moderate,0.2780457873467263,0.47090018650857784,0.36863346271149683,0.5921871639081627,0.8343588423194415
MN1292,True,17.543231450374567,0.5665199138619197,0.5854283649410579,0.0,0.0,0.0,0.0,0.0,0.0,0.0,0.803807858053943,0.28457371500297857,1.0,0.6961271910189738,High,0.3589749437933202,0.47090018650857784,0.36863346271149683,0.5921871639081627,0.8343588423194415
MN6491,True,17.455315684778274,0.5665199138619197,0.5854283649410579,1.0,1.0,0.7276598338620754,0.7276598338620754,0.0010519827224924189,0.04140152761148801,0.021226755166990213,0.7235448070552057,0.28457371500297857,0.9612663337686657,0.65646161860895,Moderate,1.3742685159526689,0.47090018650857784,0.36863346271149683,0.5921871639081627,0.8343588423194415
QN0101,True,17.43942004722004,0.6223753093189037,0.5778727879359461,10.0,1.0,4.781754524174173,0.47817545241741727,0.0069130147199861275,0.027206660688307193,0.01705983770414666,0.7090328209587348,0.425192468867705,0.9688699448222426,0.7010317448828941,High,2.091282592915419,0.6477497376603915,0.536857628067585,0.7565956399337664,0.5482982316138721
QN0102,True,17.49490389352707,0.6223753093189037,0.5778727879359461,4.0,1.0,10.054361450251388,2.513590362562847,0.014535658063219558,0.14301528812890502,0.07877547309606228,0.759687021096134,0.425192468867705,0.8562539183160992,0.6803778027599794,High,0.3978372987475986,0.6477497376603915,0.536857628067585,0.7565956399337664,0.5482982316138721
QN0103,True,17.448150527908155,0.6223753093189037,0.5778727879359461,0.0,1.0,0.0,1.3222022860361151,0.0,0.07522910006280864,0.03761455003140432,0.7170033483375376,0.425192468867705,0.9313625933452161,0.691186136850153,High,0.756313924549277,0.6477497376603915,0.536857628067585,0.7565956399337664,0.5482982316138721
QN0104,True,17.41398125718909,0.6223753093189037,0.5778727879359461,56.0,1.0,59.94888571602322,1.0705158163575574,0.08666850782625815,0.060908941330768684,0.07378872457851342,0.685808375516535,0.425192468867705,0.8653535216769895,0.6587847886870765,High,0.9341291223538496,0.6477497376603915,0.536857628067585,0.7565956399337664,0.5482982316138721
QN0105,True,17.49442711981011,0.6223753093189037,0.5778727879359461,14.0,1.0,14.079200751542079,1.00565719653872,0.020354395347774435,0.057218692378836596,0.03878654386330552,0.7592517486179863,0.425192468867705,0.9292239896088975,0.7045560690315296,High,0.9943746273002462,0.6477497376603915,0.536857628067585,0.7565956399337664,0.5482982316138721
QN0151,True,17.417323785268906,0.6223753093189037,0.5778727879359461,0.0,0.0,0.0,0.0,0.0,0.0,0.0,0.6888599499402503,0.425192468867705,1.0,0.7046841396026519,High,0.6515356924778808,0.6477497376603915,0.536857628067585,0.7565956399337664,0.5482982316138721
QN0161,True,17.439336659910843,0.6223753093189037,0.5778727879359461,1.0,1.0,6.194811766499935,6.194811766499935,0.008955881091941524,0.3524650646682959,0.1807104728801187,0.7089566921801786,0.425192468867705,0.670247332388787,0.6014654978122236,Low,0.1614254052734518,0.6477497376603915,0.536857628067585,0.7565956399337664,0.5482982316138721
QN0171,True,17.397191781015753,0.6223753093189037,0.5778727879359461,2.0,0.0,12.70470131743617,0.0,0.018367272258843437,0.0,0.009183636129421718,0.6704803558695172,0.425192468867705,0.9832420973517318,0.6929716406963179,High,0.157422040080168,0.6477497376603915,0.536857628067585,0.7565956399337664,0.5482982316138721
QN0191,True,17.47328690158295,0.6223753093189037,0.5778727879359461,2.0,0.0,20.84408188951622,0.0,0.030134429569386507,0.0,0.015067214784693254,0.7399517015538166,0.425192468867705,0.9725059970817533,0.712550055834425,High,0.09595049619364256,0.6477497376603915,0.536857628067585,0.7565956399337664,0.5482982316138721
QN0201,True,17.522043954311975,0.6223753093189037,0.5778727879359461,5.0,1.0,5.051284699433021,1.0102569398866041,0.007302676309602472,0.05748040312932895,0.03239153971946571,0.7844646485001946,0.425192468867705,0.940893317026434,0.7168501447981113,High,0.9898471968054429,0.6477497376603915,0.536857628067585,0.7565956399337664,0.5482982316138721
QN0202,True,17.44439855472454,0.6223753093189037,0.5778727879359461,331.0,2.0,193.44674783533952,1.168862524684831,0.27966726617989734,0.0665045558897033,0.1730859110348003,0.7135779693632451,0.425192468867705,0.6841603036061681,0.6076435806123728,Low,1.7110652089211902,0.6477497376603915,0.536857628067585,0.7565956399337664,0.5482982316138721
QN0203,True,17.37263237062257,0.6223753093189037,0.5778727879359461,185.0,1.0,156.52510635951433,0.8460816559973747,0.22628940043667187,0.04813935222510634,0.1372143763308891,0.6480587435964825,0.425192468867705,0.7496171311568878,0.6076227812070251,Low,1.1819190179949994,0.6477497376603915,0.536857628067585,0.7565956399337664,0.5482982316138721
QN0261,True,17.463409931612592,0.6223753093189037,0.5778727879359461,0.0,0.0,0.0,0.0,0.0,0.0,0.0,0.7309344821840388,0.425192468867705,1.0,0.7187089836839146,High,0.315065408901229,0.6477497376603915,0.536857628067585,0.7565956399337664,0.5482982316138721
QN0271,True,17.38025054208322,0.6223753093189037,0.5778727879359461,13.0,0.0,25.35858080754239,0.0,0.03666107105963871,0.0,0.018330535529819354,0.6550137838024825,0.425192468867705,0.9665512303002498,0.6822524943234791,High,0.512646985202477,0.6477497376603915,0.536857628067585,0.7565956399337664,0.5482982316138721
QN0301,True,17.37119118142942,0.6223753093189037,0.5778727879359461,169.0,1.0,119.83437618175343,0.7090791490044582,0.17324536471221036,0.04034434580568449,0.10679485525894743,0.6467430041392429,0.425192468867705,0.8051253596566419,0.6256869442211966,Moderate,1.410279799376406,0.6477497376603915,0.536857628067585,0.7565956399337664,0.5482982316138721
QN0302,True,17.35487494334431,0.6223753093189037,0.5778727879359461,147.0,3.0,142.47431324177646,2.90763904575054,0.20597607419640926,0.16543540351534536,0.18570573885587732,0.6318470291039304,0.425192468867705,0.6611321867379498,0.5727238949031951,Low,1.0317649312023252,0.6477497376603915,0.536857628067585,0.7565956399337664,0.5482982316138721
QN0303,True,17.33459771013504,0.6223753093189037,0.5778727879359461,60.0,1.0,119.80897692459499,1.996816282076583,0.17320864483507628,0.11361248840503188,0.14341056662005408,0.6133348476749194,0.425192468867705,0.7383105906763352,0.5922793024063199,Low,0.5007971985084442,0.6477497376603915,0.536857628067585,0.7565956399337664,0.5482982316138721
QN0401,True,17.354251014950798,0.6223753093189037,0.5778727879359461,272.0,4.0,180.10780754886565,2.6486442286597893,0.26038307037201336,0.1506994230859962,0.20554124672900478,0.631277411173308,0.425192468867705,0.6249372084926874,0.5604690295112335,Low,1.5102066018220934,0.6477497376603915,0.536857628067585,0.7565956399337664,0.5482982316138721
QN0402,True,17.35957740808094,0.6223753093189037,0.5778727879359461,134.0,2.0,155.487587830004,2.320710266119463,0.22478945291102972,0.13204102478909166,0.1784152388500607,0.6361401631557816,0.425192468867705,0.6744355763358092,0.5785894027864319,Low,0.861805124576911,0.6477497376603915,0.536857628067585,0.7565956399337664,0.5482982316138721
QN0501,True,17.36914051860711,0.6223753093189037,0.5778727879359461,265.0,2.0,126.68825513126227,0.9561377745755643,0.18315406366934484,0.054401194943488086,0.11877762930641646,0.6448708432865006,0.425192468867705,0.7832597110057383,0.6177743410533146,Moderate,2.091748755442502,0.6477497376603915,0.536857628067585,0.7565956399337664,0.5482982316138721
QN0502,True,17.359974451243968,0.6223753093189037,0.5778727879359461,85.0,2.0,55.692438406662234,1.310410315450876,0.08051493328459143,0.07455817448321815,0.07753655388390479,0.636502645304763,0.425192468867705,0.8585146445963892,0.640069919589619,Moderate,1.5262395117149663,0.6477497376603915,0.536857628067585,0.7565956399337664,0.5482982316138721
QN0503,True,17.324306331701408,0.6223753093189037,0.5778727879359461,51.0,0.0,47.383053514841464,0.0,0.06850199958404604,0.0,0.03425099979202302,0.6039392924356131,0.425192468867705,0.9375002545798038,0.6555440052943741,Moderate,1.0763341789280343,0.6477497376603915,0.536857628067585,0.7565956399337664,0.5482982316138721
QN0504,True,17.321034964447016,0.6223753093189037,0.5778727879359461,107.0,1.0,85.36651988862448,0.7978179428843409,0.12341495273347788,0.04539330062503828,0.08440412667925809,0.6009526845730303,0.425192468867705,0.8459829943096664,0.6240427159168006,Moderate,1.2534187892349387,0.6477497376603915,0.536857628067585,0.7565956399337664,0.5482982316138721
QN0571,True,17.31543145917496,0.6223753093189037,0.5778727879359461,2.0,0.0,7.291525867476668,0.0,0.010541408053925814,0.0,0.005270704026962907,0.5958369419485733,0.425192468867705,0.990382246887079,0.6704705525677858,High,0.27429101073629286,0.6477497376603915,0.536857628067585,0.7565956399337664,0.5482982316138721
QN0572,True,17.31125634385934,0.6223753093189037,0.5778727879359461,0.0,0.0,0.0,0.0,0.0,0.0,0.0,0.592025253666839,0.425192468867705,1.0,0.6724059075115146,High,0.1976975528569409,0.6477497376603915,0.536857628067585,0.7565956399337664,0.5482982316138721
QN0573,True,17.32976486860388,0.6223753093189037,0.5778727879359461,0.0,0.0,0.0,0.0,0.0,0.0,0.0,0.6089226856053155,0.425192468867705,1.0,0.6780383848243402,High,0.31401075307909826,0.6477497376603915,0.536857628067585,0.7565956399337664,0.5482982316138721
QN0574,True,17.308594222410907,0.6223753093189037,0.5778727879359461,0.0,0.0,0.0,0.0,0.0,0.0,0.0,0.5895948592076508,0.425192468867705,1.0,0.6715957760251187,High,1.1201162778263405,0.6477497376603915,0.536857628067585,0.7565956399337664,0.5482982316138721
QN0601,True,17.347439784076286,0.6223753093189037,0.5778727879359461,68.0,2.0,93.87897450738282,2.761146309040671,0.13572146570590057,0.15710043324278572,0.14641094947434313,0.6250590706136014,0.425192468867705,0.7328356216040496,0.5943623870284521,Low,0.7243368428002199,0.6477497376603915,0.536857628067585,0.7565956399337664,0.5482982316138721
QN0602,True,17.349177412970892,0.6223753093189037,0.5778727879359461,168.0,2.0,80.81451094483256,0.9620775112480067,0.11683408274635183,0.05473914704748687,0.08578661489691936,0.6266454458858715,0.425192468867705,0.8434602895076193,0.6317660680870653,Moderate,2.0788345810158275,0.6477497376603915,0.536857628067585,0.7565956399337664,0.5482982316138721
QN0701,True,17.33396470570133,0.6223753093189037,0.5778727879359461,7.0,0.0,2.9253613120794353,0.0,0.004229214550735573,0.0,0.0021146072753677864,0.6127569437369781,0.425192468867705,0.9961413559552512,0.6780302561866448,High,2.3928668130994692,0.6477497376603915,0.536857628067585,0.7565956399337664,0.5482982316138721
QN0702,True,17.31637355753461,0.6223753093189037,0.5778727879359461,139.0,0.0,73.6183936480351,0.0,0.10643060750561911,0.0,0.053215303752809556,0.5966970344265681,0.425192468867705,0.9028950116141248,0.6415948383027993,Moderate,1.8881150907007052,0.6477497376603915,0.536857628067585,0.7565956399337664,0.5482982316138721
QN0703,True,17.310795278605056,0.6223753093189037,0.5778727879359461,55.0,2.0,38.995796536510476,1.4180289649640174,0.0563764856835762,0.08068133297292243,0.06852890932824932,0.5916043222927284,0.425192468867705,0.8749514054203813,0.630582732193605,Moderate,1.4104084256492957,0.6477497376603915,0.536857628067585,0.7565956399337664,0.5482982316138721
QN0704,True,17.327072409585757,0.6223753093189037,0.5778727879359461,419.0,1.0,206.91746708454795,0.4938364369559617,0.29914197572171786,0.028097720842547524,0.1636198482821327,0.6064645943401368,0.425192468867705,0.7014335661610065,0.5776968764562828,Low,2.024961961422008,0.6477497376603915,0.536857628067585,0.7565956399337664,0.5482982316138721
QN0705,True,17.330354654882626,0.6223753093189037,0.5778727879359461,264.0,1.0,232.46672771857442,0.8805557868127819,0.33607871389070415,0.050100820499726896,0.19308976719521553,0.6094611333552519,0.425192468867705,0.647658130675749,0.560770577632902,Low,1.135646389446321,0.6477497376603915,0.536857628067585,0.7565956399337664,0.5482982316138721
QN0706,True,17.34424962713283,0.6223753093189037,0.5778727879359461,171.0,0.0,180.38665039085933,0.0,0.26078619534664765,0.0,0.13039309767332383,0.6221466040302759,0.425192468867705,0.7620643059000126,0.6031344595993312,Low,0.947963719208043,0.6477497376603915,0.536857628067585,0.7565956399337664,0.5482982316138721
QN0707,True,17.35050900894133,0.6223753093189037,0.5778727879359461,165.0,3.0,119.37255772184253,2.170410140397137,0.17257771065444025,0.12348942620479703,0.14803356842961862,0.6278611317706506,0.425192468867705,0.7298747366011445,0.5943094457465001,Low,1.3822272316932074,0.6477497376603915,0.536857628067585,0.7565956399337664,0.5482982316138721
QN0761,True,17.266573549900972,0.6223753093189037,0.5778727879359461,0.0,0.0,0.0,0.0,0.0,0.0,0.0,0.5512319176147455,0.425192468867705,1.0,0.6588081288274835,High,0.24955741770715686,0.6477497376603915,0.536857628067585,0.7565956399337664,0.5482982316138721
QN0791,True,17.323169107124077,0.6223753093189037,0.5778727879359461,17.0,0.0,43.02153138677255,0.0,0.06219651766931039,0.0,0.031098258834655196,0.6029010586941648,0.425192468867705,0.9432532401395773,0.6571155892338157,High,0.3951509732921046,0.6477497376603915,0.536857628067585,0.7565956399337664,0.5482982316138721
QN0801,True,17.332930849304052,0.6223753093189037,0.5778727879359461,364.0,1.0,295.8149096931085,0.8126783233327156,0.42766160721163343,0.046238808955744386,0.2369502080836889,0.6118130803903158,0.425192468867705,0.5676234920902328,0.5348763471160846,Very Low,1.2304991671232182,0.6477497376603915,0.536857628067585,0.7565956399337664,0.5482982316138721
QN0802,True,17.318908136222102,0.6223753093189037,0.5778727879359461,175.0,2.0,131.94946068693844,1.5079938364221537,0.19076022397460296,0.08580004770253605,0.13828013583856952,0.5990109882103366,0.425192468867705,0.7476723792280785,0.5906252787687066,Low,1.3262653677319887,0.6477497376603915,0.536857628067585,0.7565956399337664,0.5482982316138721
QN0803,True,17.3074001905802,0.6223753093189037,0.5778727879359461,136.0,0.0,114.21424124523871,0.0,0.16512029778373927,0.0,0.08256014889186963,0.5885047630562709,0.425192468867705,0.8493478053508646,0.6210150124249468,Moderate,1.190744678747927,0.6477497376603915,0.536857628067585,0.7565956399337664,0.5482982316138721
QN0804,True,17.290422878848545,0.6223753093189037,0.5778727879359461,72.0,3.0,50.93155941506901,2.1221483089612088,0.07363209846265112,0.12074348166616486,0.09718779006440799,0.5730052581825203,0.425192468867705,0.8226559173787492,0.6069512148096582,Low,1.4136618007949215,0.6477497376603915,0.536857628067585,0.7565956399337664,0.5482982316138721
QN0805,True,17.28787698781542,0.6223753093189037,0.5778727879359461,46.0,2.0,46.387976876792315,2.0168685598605354,0.06706341058672897,0.11475339916265781,0.0909084048746934,0.5706809767474095,0.425192468867705,0.8341142683213665,0.6099959046454937,Moderate,0.9916362621758049,0.6477497376603915,0.536857628067585,0.7565956399337664,0.5482982316138721
QN0871,True,17.344072103110634,0.6223753093189037,0.5778727879359461,2.0,0.0,6.054660189222453,0.0,0.008753263012771968,0.0,0.004376631506385984,0.6219845327618256,0.425192468867705,0.9920137118154769,0.6797302378150025,High,0.33032407063241687,0.6477497376603915,0.536857628067585,0.7565956399337664,0.5482982316138721
QN0891,True,17.306906686041625,0.6223753093189037,0.5778727879359461,13.0,1.0,17.01107862373619,1.3085445095181685,0.024593030933355832,0.07445201606654332,0.04952252349994958,0.5880542161073921,0.425192468867705,0.9096334375607515,0.6409600408452829,Moderate,0.7642078605092458,0.6477497376603915,0.536857628067585,0.7565956399337664,0.5482982316138721
QN0901,True,17.28812672992493,0.6223753093189037,0.5778727879359461,47.0,1.0,64.59406667604209,1.3743418441711082,0.09338407722474283,0.0781956749035822,0.08578987606416252,0.570908979808478,0.425192468867705,0.8434543386704553,0.6131852624488795,Moderate,0.7276210094608005,0.6477497376603915,0.536857628067585,0.7565956399337664,0.5482982316138721
QN0902,True,17.222876514585252,0.6223753093189037,0.5778727879359461,124.0,1.0,114.20381053413885,0.9209984720495068,0.16510521803445297,0.052401880516498904,0.10875354927547594,0.5113385338712142,0.425192468867705,0.8015512193940968,0.5793607407110053,Low,1.0857781313954737,0.6477497376603915,0.536857628067585,0.7565956399337664,0.5482982316138721
QN0903,True,17.162557207161132,0.6223753093189037,0.5778727879359461,229.0,0.0,402.8075689630069,0.0,0.5823416152973698,0.0,0.2911708076486849,0.45626978010272307,0.425192468867705,0.46868408331618905,0.45004877742887234,Very Low,0.5685096747053205,0.6477497376603915,0.536857628067585,0.7565956399337664,0.5482982316138721
QN0904,True,17.16988994770927,0.6223753093189037,0.5778727879359461,323.0,0.0,497.84775925877585,0.0,0.7197418584891515,0.0,0.35987092924457575,0.46296423501173434,0.425192468867705,0.34332306798373424,0.4104932572877245,Very Low,0.6487927162329722,0.6477497376603915,0.536857628067585,0.7565956399337664,0.5482982316138721
QN0905,True,17.22562150178162,0.6223753093189037,0.5778727879359461,286.0,0.0,336.033001902451,0.0,0.48580517398139783,0.0,0.24290258699069892,0.5138445809475116,0.425192468867705,0.5567618480917613,0.49859963263565926,Very Low,0.8511068805171244,0.6477497376603915,0.536857628067585,0.7565956399337664,0.5482982316138721
QN1001,True,17.08697495290892,0.6223753093189037,0.5778727879359461,834.0,2.0,284.1098908197428,0.681318683020966,0.41073958259489146,0.03876486368307887,0.22475222313898516,0.3872666577787726,0.425192468867705,0.5898818482933391,0.4674469916466055,Very Low,2.935483863633393,0.6477497376603915,0.536857628067585,0.7565956399337664,0.5482982316138721
QN1002,True,17.11319848245361,0.6223753093189037,0.5778727879359461,194.0,1.0,215.40780065950923,1.1103494879356146,0.3114165081521413,0.06317535040951752,0.1872959292808294,0.41120753430912343,0.425192468867705,0.6582304759168753,0.4982101596979012,Very Low,0.9006173379331415,0.6477497376603915,0.536857628067585,0.7565956399337664,0.5482982316138721
QN1003,True,17.020245784125283,0.6223753093189037,0.5778727879359461,50.0,2.0,26.497921254897292,1.0599168501958918,0.03830822321766386,0.06030589390424465,0.049307058560954256,0.32634599535994535,0.425192468867705,0.9100266086773892,0.5538550243016799,Very Low,1.8869404705004587,0.6477497376603915,0.536857628067585,0.7565956399337664,0.5482982316138721
QN1091,True,16.9599145668267,0.6223753093189037,0.5778727879359461,0.0,0.0,0.0,0.0,0.0,0.0,0.0,0.27126636842377033,0.425192468867705,1.0,0.5654862790971584,Low,0.4249982447200206,0.6477497376603915,0.536857628067585,0.7565956399337664,0.5482982316138721
QN1101,True,17.31517966464141,0.6223753093189037,0.5778727879359461,371.0,1.0,186.47915801472993,0.5026392399318866,0.2695941746505871,0.028598572302950275,0.14909637347676868,0.5956070651187408,0.425192468867705,0.7279353758443339,0.5829116366102599,Low,1.9894984723745632,0.6477497376603915,0.536857628067585,0.7565956399337664,0.5482982316138721
QN1102,True,17.30909755075857,0.6223753093189037,0.5778727879359461,47.0,1.0,18.609340715839554,0.39594341948594797,0.02690364920396113,0.02252791984879793,0.02471578452637953,0.5900543748424577,0.425192468867705,0.9548997036542299,0.6567155157881309,Moderate,2.525613385110167,0.6477497376603915,0.536857628067585,0.7565956399337664,0.5482982316138721
QN1103,True,17.280861469506167,0.6223753093189037,0.5778727879359461,6.0,3.0,2.4544637013160475,1.2272318506580238,0.0035484347034313445,0.06982558468432155,0.03668700969387645,0.5642761311543701,0.425192468867705,0.9330551289008047,0.6408412429742932,Moderate,2.444525863952638,0.6477497376603915,0.536857628067585,0.7565956399337664,0.5482982316138721
QN1104,True,17.30218037302635,0.6223753093189037,0.5778727879359461,3.0,1.0,2.110144785588369,0.7033815951961231,0.0030506505280284493,0.04002017313552109,0.021535411831774768,0.5837393096738517,0.425192468867705,0.960703110414941,0.6565449629854992,Moderate,1.421703392340215,0.6477497376603915,0.536857628067585,0.7565956399337664,0.5482982316138721
QN1191,True,17.299767231551858,0.6223753093189037,0.5778727879359461,0.0,0.0,0.0,0.0,0.0,0.0,0.0,0.5815362224810076,0.425192468867705,1.0,0.6689095637829041,High,0.9373694094838598,0.6477497376603915,0.536857628067585,0.7565956399337664,0.5482982316138721
QN1201,True,17.20519954841524,0.6223753093189037,0.5778727879359461,5.0,4.0,2.9766265320942633,2.3813012256754105,0.004303329024574449,0.13548845746068475,0.0698958932426296,0.49520027667031913,0.425192468867705,0.8724569922014664,0.5976165792464968,Low,1.6797538912220047,0.6477497376603915,0.536857628067585,0.7565956399337664,0.5482982316138721
QN1202,True,17.13406541823927,0.6223753093189037,0.5778727879359461,9.0,2.0,6.626110800429309,1.4724690667620688,0.009579413010026443,0.0837788014229832,0.046679107216504825,0.4302580870716714,0.425192468867705,0.91482198081257,0.5900908455839821,Low,1.358262828840243,0.6477497376603915,0.536857628067585,0.7565956399337664,0.5482982316138721
QN1203,True,17.06179437552889,0.6223753093189037,0.5778727879359461,6.0,1.0,3.4885255389365293,0.5814209231560883,0.005043384866328062,0.033080999230344105,0.019062192048336084,0.36427794861241264,0.425192468867705,0.9652161350790885,0.5848955175197355,Low,1.7199243442629601,0.6477497376603915,0.536857628067585,0.7565956399337664,0.5482982316138721
QN1204,True,17.02250331945124,0.6223753093189037,0.5778727879359461,6.0,2.0,4.853443638756514,1.6178145462521714,0.007016656155753072,0.09204849641270973,0.049532576284231404,0.3284070212950515,0.425192468867705,0.9096150936740857,0.5544048612789474,Very Low,1.2362356393896936,0.6477497376603915,0.536857628067585,0.7565956399337664,0.5482982316138721
QN1205,True,17.136500537369294,0.6223753093189037,0.5778727879359461,6.0,3.0,2.2519862522334555,1.1259931261167277,0.0032557116916378985,0.06406542361125239,0.03366056765144514,0.4324812388533276,0.425192468867705,0.9385776496543444,0.598750452458459,Low,2.6643146662415775,0.6477497376603915,0.536857628067585,0.7565956399337664,0.5482982316138721
QN1206,True,17.24773914917625,0.6223753093189037,0.5778727879359461,1.0,1.0,1.1393256445583508,1.1393256445583508,0.0016471307575224824,0.06482400145862628,0.033235566108074384,0.5340369758924536,0.425192468867705,0.9393531741185982,0.6328608729595856,Moderate,0.8777121841996638,0.6477497376603915,0.536857628067585,0.7565956399337664,0.5482982316138721
QN1301,True,17.26117819176186,0.6223753093189037,0.5778727879359461,0.0,1.0,0.0,0.6137732560832916,0.0,0.034921743961123825,0.017460871980561912,0.546306203750585,0.425192468867705,0.9681381547917933,0.6465456091366945,Moderate,1.6292661664363817,0.6477497376603915,0.536857628067585,0.7565956399337664,0.5482982316138721
QN1302,True,17.27769363909687,0.6223753093189037,0.5778727879359461,1.0,1.0,0.5039302217585165,0.5039302217585165,0.000728535315489484,0.02867202505828166,0.014700280186885573,0.561384047670001,0.425192468867705,0.9731755634911458,0.6532506933429506,Moderate,1.984401722346393,0.6477497376603915,0.536857628067585,0.7565956399337664,0.5482982316138721
QN1303,True,17.24630390130706,0.6223753093189037,0.5778727879359461,158.0,0.0,63.23664556953989,0.0,0.09142164438904844,0.0,0.04571082219452422,0.532726660590761,0.425192468867705,0.9165888655089424,0.6248359983224695,Moderate,2.4985512526316884,0.6477497376603915,0.536857628067585,0.7565956399337664,0.5482982316138721
QN1304,True,17.13555891590903,0.6223753093189037,0.5778727879359461,20.0,2.0,16.858577700253228,1.685857770025323,0.024372559321206053,0.09591993918957292,0.060146249255389486,0.43162158176254245,0.425192468867705,0.8902477215477663,0.582353924059338,Low,1.1863396993270425,0.6477497376603915,0.536857628067585,0.7565956399337664,0.5482982316138721
QN1305,True,17.039380002021034,0.6223753093189037,0.5778727879359461,0.0,0.0,0.0,0.0,0.0,0.0,0.0,0.3438146563716665,0.425192468867705,1.0,0.5896690417464572,Low,1.429085212481584,0.6477497376603915,0.536857628067585,0.7565956399337664,0.5482982316138721
QN1306,True,16.953477277485504,0.6223753093189037,0.5778727879359461,0.0,0.0,0.0,0.0,0.0,0.0,0.0,0.26538941928749554,0.425192468867705,1.0,0.5635272960517336,Low,2.0602641748066977,0.6477497376603915,0.536857628067585,0.7565956399337664,0.5482982316138721
QN1307,True,16.94088342652308,0.6223753093189037,0.5778727879359461,54.0,1.0,31.871126096192327,0.5902060388183764,0.046076301644439314,0.03358084433891894,0.03982857299167913,0.25389181251342424,0.425192468867705,0.9273225398515405,0.5354689404108899,Very Low,1.6943235653807485,0.6477497376603915,0.536857628067585,0.7565956399337664,0.5482982316138721
QN1371,True,17.111116148329415,0.6223753093189037,0.5778727879359461,0.0,0.0,0.0,0.0,0.0,0.0,0.0,0.40930645901423285,0.425192468867705,1.0,0.6114996426273126,Moderate,0.19090131404541086,0.6477497376603915,0.536857628067585,0.7565956399337664,0.5482982316138721
QN1401,True,16.67498375363048,0.6223753093189037,0.5778727879359461,19.0,3.0,8.758835957320935,1.3829740985243582,0.012662708132923368,0.07868682269039712,0.04567476541166024,0.01113763911604139,0.425192468867705,0.9166546603693363,0.4509949227843609,Very Low,2.1692380234749287,0.6477497376603915,0.536857628067585,0.7565956399337664,0.5482982316138721
QN1402,True,16.662784191594927,0.6223753093189037,0.5778727879359461,11.0,2.0,6.072221912887023,1.1040403477976404,0.008778652114949367,0.0628163804245443,0.03579751626974683,0.0,0.425192468867705,0.9346782380917366,0.4532902356531472,Very Low,1.8115279971331084,0.6477497376603915,0.536857628067585,0.7565956399337664,0.5482982316138721
QN1403,True,16.716133708354494,0.6223753093189037,0.5778727879359461,11.0,1.0,4.42939341784933,0.40267212889539367,0.006403603895473985,0.022910761989371062,0.014657182942422523,0.04870565541218141,0.425192468867705,0.9732542054818498,0.48238410992057873,Very Low,2.483410020810704,0.6477497376603915,0.536857628067585,0.7565956399337664,0.5482982316138721
QN1491,True,16.69125656466271,0.6223753093189037,0.5778727879359461,0.0,0.0,0.0,0.0,0.0,0.0,0.0,0.025993967249155266,0.425192468867705,1.0,0.4837288120389534,Very Low,0.3203096958576598,0.6477497376603915,0.536857628067585,0.7565956399337664,0.5482982316138721
QN8081,True,17.37674716281569,0.6223753093189037,0.5778727879359461,0.0,0.0,0.0,0.0,0.0,0.0,0.0,0.6518153596414622,0.425192468867705,1.0,0.692335942836389,High,1.0973352283698543,0.6477497376603915,0.536857628067585,0.7565956399337664,0.5482982316138721
QN8191,True,17.35296368764719,0.6223753093189037,0.5778727879359461,10.0,0.0,5.049725379307706,0.0,0.007300421989995521,0.0,0.0036502109949977605,0.6301021405455574,0.425192468867705,0.9933392525969273,0.6828779540033967,High,1.980305709490078,0.6477497376603915,0.536857628067585,0.7565956399337664,0.5482982316138721
QN8291,True,17.29921283671695,0.6223753093189037,0.5778727879359461,22.0,0.0,25.544759287620735,0.0,0.03693023054217165,0.0,0.018465115271085825,0.5810300854917454,0.425192468867705,0.9663056549997054,0.6575094031197186,High,0.8612334041707504,0.6477497376603915,0.536857628067585,0.7565956399337664,0.5482982316138721
QN8381,True,16.899716302002975,0.6223753093189037,0.5778727879359461,0.0,0.0,0.0,0.0,0.0,0.0,0.0,0.21630812098304167,0.425192468867705,1.0,0.5471668632835822,Very Low,7.07320953290804,0.6477497376603915,0.536857628067585,0.7565956399337664,0.5482982316138721
QN8491,True,16.77574333756492,0.6223753093189037,0.5778727879359461,0.0,0.0,0.0,0.0,0.0,0.0,0.0,0.1031265056076081,0.425192468867705,1.0,0.5094396581584376,Very Low,2.5080476741765936,0.6477497376603915,0.536857628067585,0.7565956399337664,0.5482982316138721
QN8492,True,16.727503237268834,0.6223753093189037,0.5778727879359461,0.0,0.0,0.0,0.0,0.0,0.0,0.0,0.059085512459365844,0.425192468867705,1.0,0.4947593271090236,Very Low,1.8880164787825462,0.6477497376603915,0.536857628067585,0.7565956399337664,0.5482982316138721
SI0101,True,17.525597507694442,0.4534839428317311,0.4525364440512536,0.0,2.0,0.0,2.103323381873252,0.0,0.11967240325514455,0.05983620162757228,0.7877088793207896,0.0,0.8908134830707694,0.5595074541305197,Low,0.9508761311913765,0.4395163615757912,0.5099687308135475,0.4923816676338741,0.3720690113037116
SI0102,True,17.49749737550711,0.4534839428317311,0.4525364440512536,9.0,2.0,10.350264018209916,2.3000586707133146,0.014963446398575874,0.13086601476704476,0.07291473058281032,0.762054750877207,0.0,0.866948348180213,0.54300103301914,Very Low,0.8695430362129598,0.4395163615757912,0.5099687308135475,0.4923816676338741,0.3720690113037116
SI0103,True,17.454748485213013,0.4534839428317311,0.4525364440512536,7.0,1.0,5.535956281906573,0.7908508974152249,0.008003369280573686,0.04499689792155366,0.026500133601063673,0.7230269799359832,0.0,0.9516437005131335,0.5582235601497055,Very Low,1.2644608525682237,0.4395163615757912,0.5099687308135475,0.4923816676338741,0.3720690113037116
SI0104,True,17.649222976981445,0.4534839428317311,0.4525364440512536,8.0,2.0,2.6128184639387766,0.6532046159846941,0.0037773692502502017,0.037165262786468076,0.020471316018359137,0.9005732476036034,0.0,0.9626448265062962,0.6210726913699666,Moderate,3.061827719917497,0.4395163615757912,0.5099687308135475,0.4923816676338741,0.3720690113037116
SI0105,True,17.688625326521077,0.4534839428317311,0.4525364440512536,1.0,1.0,0.3642844100337823,0.3642844100337823,0.0005266484249857891,0.020726623016142687,0.010626635720564239,0.9365457807336897,0.0,0.9806089740083117,0.6390515849140005,Moderate,2.7451078675237954,0.4395163615757912,0.5099687308135475,0.4923816676338741,0.3720690113037116
SI0106,True,17.68332927577431,0.4534839428317311,0.4525364440512536,3.0,1.0,2.3080096919361464,0.7693365639787154,0.003336705155725402,0.043772800852615756,0.02355475300417058,0.93171072995188,0.0,0.9570183038411881,0.6295763445976893,Moderate,1.299821231462575,0.4395163615757912,0.5099687308135475,0.4923816676338741,0.3720690113037116
SI0107,True,17.758129615203057,0.4534839428317311,0.4525364440512536,1.0,1.0,0.31187642945482574,0.31187642945482574,0.00045088185450303434,0.017744775792989147,0.009097828823746091,1.0,0.0,0.9833986748178638,0.6611328916059546,High,3.2063981293746555,0.4395163615757912,0.5099687308135475,0.4923816676338741,0.3720690113037116
SI0191,True,17.635423679434865,0.4534839428317311,0.4525364440512536,0.0,0.0,0.0,0.0,0.0,0.0,0.0,0.8879751235331852,0.0,1.0,0.6293250411777284,Moderate,0.13517113150806265,0.4395163615757912,0.5099687308135475,0.4923816676338741,0.3720690113037116
SI0201,True,17.330750017723915,0.4534839428317311,0.4525364440512536,17.0,2.0,5.915802859056444,0.6959768069478169,0.008552516035368026,0.039598864261713475,0.02407569014854075,0.6098220814477598,0.0,0.9560677202348479,0.5219632672275359,Very Low,2.8736589783371276,0.4395163615757912,0.5099687308135475,0.4923816676338741,0.3720690113037116
SI0202,True,17.247444603659,0.4534839428317311,0.4525364440512536,1.0,2.0,0.4483534730705222,0.8967069461410444,0.0006481876356103233,0.05101977003874096,0.025833978837175642,0.5337680693804976,0.0,0.9528592709608945,0.49554244678046405,Very Low,2.2303830795634507,0.4395163615757912,0.5099687308135475,0.4923816676338741,0.3720690113037116
SI0203,True,17.648156307431023,0.4534839428317311,0.4525364440512536,0.0,3.0,0.0,0.4489002504290915,0.0,0.025540994910084103,0.012770497455042051,0.8995994273571022,0.0,0.9766969476898225,0.6254321250156415,Moderate,6.6829991677045895,0.4395163615757912,0.5099687308135475,0.4923816676338741,0.3720690113037116
SI0204,True,17.729285167258748,0.4534839428317311,0.4525364440512536,3.0,0.0,0.39943263042578236,0.0,0.0005774624439244079,0.0,0.00028873122196220396,0.9736663454992185,0.0,0.9994731357339326,0.6577131604110503,High,7.5106532903986745,0.4395163615757912,0.5099687308135475,0.4923816676338741,0.3720690113037116
SI0291,True,17.656581736330413,0.4534839428317311,0.4525364440512536,1.0,0.0,0.4088909888037958,0.0,0.0005911364563321033,0.0,0.00029556822816605166,0.9072914564812444,0.0,0.9994606598602421,0.6355840387804955,Moderate,2.44563961393594,0.4395163615757912,0.5099687308135475,0.4923816676338741,0.3720690113037116
SI0301,True,17.313747474235235,0.4534839428317311,0.4525364440512536,1.0,0.0,0.4983851021071164,0.0,0.0007205186986639195,0.0,0.00036025934933195977,0.5942995411401807,0.0,0.9993426142957808,0.5312140518119871,Very Low,2.0064805223352624,0.4395163615757912,0.5099687308135475,0.4923816676338741,0.3720690113037116
SI0302,True,17.435745156683954,0.4534839428317311,0.4525364440512536,6.0,3.0,1.4327655319013903,0.7163827659506952,0.0020713587789272076,0.04075989835454302,0.021415628566735116,0.7056778148968291,0.0,0.9609216857445968,0.5555331668804753,Very Low,4.187705431493412,0.4395163615757912,0.5099687308135475,0.4923816676338741,0.3720690113037116
SI0303,True,17.656831493311028,0.4534839428317311,0.4525364440512536,0.0,0.0,0.0,0.0,0.0,0.0,0.0,0.9075194731189481,0.0,1.0,0.6358398243729827,Moderate,2.4310593671427614,0.4395163615757912,0.5099687308135475,0.4923816676338741,0.3720690113037116
SI0304,True,17.513485551635082,0.4534839428317311,0.4525364440512536,2.0,2.0,0.30902592024733866,0.30902592024733866,0.0004467608541440254,0.01758259089536438,0.009014675874754201,0.7766512204322692,0.0,0.9835504087285376,0.5867338763869356,Low,6.471949014500909,0.4395163615757912,0.5099687308135475,0.4923816676338741,0.3720690113037116
SI0305,True,17.660895436525216,0.4534839428317311,0.4525364440512536,1.0,2.0,0.21990604442641917,0.43981208885283835,0.0003179196494609488,0.025023907453930478,0.012670913551695714,0.9112296663845585,0.0,0.9768786640964935,0.629369443493684,Moderate,4.547396605710859,0.4395163615757912,0.5099687308135475,0.4923816676338741,0.3720690113037116
SI0391,True,17.675067004366184,0.4534839428317311,0.4525364440512536,3.0,1.0,1.751204433274903,0.5837348110916344,0.002531728043280335,0.03321265208624649,0.017872190064763413,0.9241676561141237,0.0,0.967387599312963,0.6305184184756956,Moderate,1.713106672754215,0.4395163615757912,0.5099687308135475,0.4923816676338741,0.3720690113037116
SI9561,True,17.288437307450252,0.4534839428317311,0.4525364440512536,1.0,0.0,2.8253644009898125,0.0,0.004084648342909358,0.0,0.002042324171454679,0.5711925228065392,0.0,0.9962732550419986,0.5224885926161793,Very Low,0.353936646065785,0.4395163615757912,0.5099687308135475,0.4923816676338741,0.3720690113037116
SI9591,True,17.0730932257234,0.4534839428317311,0.4525364440512536,0.0,0.0,0.0,0.0,0.0,0.0,0.0,0.37459327923870156,0.0,1.0,0.45819775974623383,Very Low,0.02280266753660097,0.4395163615757912,0.5099687308135475,0.4923816676338741,0.3720690113037116
SI9592,True,17.180023080102444,0.4534839428317311,0.4525364440512536,1.0,0.0,2.565464501009402,0.0,0.0037089093071214856,0.0,0.0018544546535607428,0.47221531889337975,0.0,0.9966160712258146,0.48961046337306485,Very Low,0.3897929593672188,0.4395163615757912,0.5099687308135475,0.4923816676338741,0.3720690113037116
SI9593,True,17.234163530738744,0.4534839428317311,0.4525364440512536,0.0,0.0,0.0,0.0,0.0,0.0,0.0,0.5216430605622666,0.0,1.0,0.5072143535207555,Very Low,0.8385975368952712,0.4395163615757912,0.5099687308135475,0.4923816676338741,0.3720690113037116
